method,space,seed,eval_index,C,epsilon,gamma,mae,std_mae,rmse,std_rmse,r2,std_r2
random,narrow,1,0,254.1174344238081,0.14415961271963373,0.03278964410553163,1.7195374633846512,0.18284934741427464,2.3304979988789625,0.3030236352495024,0.8177147239215458,0.022037542425907282
random,narrow,1,1,28686.350252438482,0.42332644897257565,0.0001423820322400467,1.1646331901962808,0.10666631746565947,1.5548193579028848,0.20163704275285393,0.9155003442022579,0.03203350487215136
random,narrow,1,2,7750.855865968446,0.5495936876730595,0.00032629869076029,1.1770345539987084,0.09387756304999419,1.5106542453266087,0.12435639167236424,0.9214488266460833,0.02015571068833229
random,narrow,1,3,1.347409008019633,0.5381433132192782,0.0061266403502417835,1.6184905123875217,0.180080341923773,2.145337949826647,0.31613146844257056,0.8453727368225585,0.02487592305570779
random,narrow,1,4,35.432308232717006,0.303194829291645,0.008248483776334985,1.23241669963152,0.06867451408905915,1.6152819601115573,0.09814099555004241,0.9117525251437331,0.00859967150687652
random,narrow,1,5,135.198844453213,0.40311298644712923,3.1319600767471384e-05,1.6071519567186594,0.1389814770760685,2.0854014958281675,0.21765537843922586,0.8537332229542363,0.014301803795805326
random,narrow,1,6,9.037120500138354,0.7503646726300526,9.338759216613932e-05,2.0487236848279933,0.1933705125206315,2.660749669201114,0.3218181948474994,0.7623462057615354,0.025787135202072355
random,narrow,1,7,20.779368396194464,0.9807371998012386,0.0006233139702698201,1.3877420197369874,0.12085237646173899,1.814642884607305,0.1752192304357064,0.88894173709811,0.012514008946087988
random,narrow,1,8,33021.614835573266,0.5412268555474342,0.004797072148647243,1.2151327471558866,0.051731820338357964,1.5858864928152498,0.060451282246348756,0.9141965635904044,0.014442980011760535
random,narrow,1,9,20.003383548584335,0.9699254132161326,3.928682764722621e-05,2.088845778721561,0.19640036143943082,2.7079216360061187,0.32698225821228843,0.7538636202903982,0.02621369143080094
random,narrow,1,10,266.06687186553927,0.6234897555375004,2.6827699002578254e-05,1.523029374498445,0.13047950265635727,1.9776700238688238,0.18802917228524565,0.8683381924267854,0.011494668676782028
random,narrow,1,11,4462.8332199122715,0.9172977047909027,0.0018513171450493132,1.227161993419222,0.055355053889321125,1.5725048387560192,0.08153060219223363,0.9152060607111089,0.018257951132462577
random,narrow,1,12,1.534778616943961,0.4593358828854037,0.000902060839268605,1.8909959351195333,0.1723674315900735,2.451512359692992,0.29644436185579326,0.7982671120416661,0.02170228691766808
random,narrow,1,13,1.9632644481107333,0.8526328384806567,0.002356425211267515,1.6076937937291338,0.1485865207504478,2.100276188902414,0.24683082966164765,0.8518173208766429,0.015508552378619766
random,narrow,1,14,611.2404100711518,0.8398815210314088,9.164159880029861e-05,1.2990688109260078,0.10705520835295433,1.716100604848831,0.14256329761717684,0.9002539802349239,0.01378461961736052
random,narrow,1,15,247.80260332312648,0.7530302077021779,0.0007758230154854577,1.1518498466940383,0.11327460814150755,1.5158262767431119,0.1249542247567088,0.9218847707926093,0.013632585580754116
random,narrow,1,16,4.95542844164573,0.6832869060032571,0.01075906791086817,1.3858547290362078,0.12631659412701077,1.8377378061932081,0.24191307692503744,0.8863389127393845,0.016716252336315508
random,narrow,1,17,4995.108417040857,0.80236416113453,5.1142598991734135e-05,1.2400362793979396,0.10319138711899832,1.6440789736947117,0.13813644640162054,0.9081809865769441,0.01513693068712182
random,narrow,1,18,7.9254766292091325,0.8552269742870702,2.0029065435363316e-05,2.9222210439286704,0.26205630142891695,3.788060857622957,0.4277176073675091,0.5187122310122025,0.035473535137410715
random,narrow,1,19,11146.674359358241,0.4719097193587902,0.01746965898000131,1.4149944049808216,0.09301020464455166,1.8730013974326738,0.16687029986248988,0.8819182343828065,0.008024028126205937
random,narrow,1,20,19.39747308044696,0.6457208955749478,1.0622639944719572e-05,2.750733344233807,0.24929347662814916,3.571225797091182,0.4163288732782487,0.5722448862300782,0.035780294408171494
random,narrow,1,21,2414.5299619987877,0.28187782736454214,0.012323823460095383,1.3019074674319087,0.06496024689727538,1.7043695635511806,0.1015619824614861,0.9018456270969045,0.007840196473014566
random,narrow,1,22,10.263694385402012,0.8050548331450097,0.0023166882591783553,1.2842686469283973,0.11542330976275739,1.7112375066926648,0.172952190854176,0.9010408177524866,0.013879346819891376
random,narrow,1,23,33748.97020284013,0.48221238819933654,3.604017014726869e-05,1.1574126599420527,0.10210422402616874,1.5544494387946237,0.13404944885304765,0.9171094294474263,0.01978131047969492
random,narrow,1,24,16004.532726499663,0.5895020620840481,0.0003661146935719423,1.2592367073321806,0.08826968456628448,1.6128213736306134,0.20336360297613473,0.90855036346207,0.03573517772934337
random,narrow,1,25,1.3034097306955097,0.9190886196338225,0.003098189100157305,1.6917101611171965,0.16173097821114435,2.203569336472579,0.2811508366097624,0.8369860576564363,0.019341351757604125
random,narrow,1,26,7677.634306931424,0.6603553805205233,0.018858750062664072,1.4685753488916797,0.10559740063226121,1.9501914444469406,0.19214440472907743,0.8720622033746913,0.010252278971163625
random,narrow,2,0,16.95538172088236,0.8142257405942803,0.0001270895336421798,1.7799245695446184,0.15360957175458964,2.2998334268843115,0.2572992914851872,0.8223632006636092,0.01678538126189683
random,narrow,2,1,2.7033996610932634,0.7285605268117946,0.001658646532504751,1.576398965104889,0.14248117814101485,2.0610787657798126,0.23473990747606974,0.857321069922994,0.013603140276064601
random,narrow,2,2,7.637329141349112,0.2749693679060381,1.59950543581936e-05,3.0735836344087994,0.2674831662913145,3.972410096621117,0.4357259556252486,0.4706876573447035,0.03453740135601182
random,narrow,2,3,1228.1686762761303,0.15006226330533612,0.0012017214720200903,1.17060484456454,0.06735689550556379,1.4936358641005139,0.0907935536539825,0.9236637622247581,0.015630422331455587
random,narrow,2,4,107.87457779029765,0.4227846732701278,0.0029902715673057086,1.1602461293093818,0.09039079852189674,1.520016251716736,0.1111969294719579,0.9210370051830108,0.016561292315740953
random,narrow,2,5,944.7447765520188,0.6830648223096253,0.03788929891613948,1.9502545545688044,0.2228046442074135,2.5939680834348,0.35237485383204387,0.7741057988896958,0.03035352687463938
random,narrow,2,6,69.22027870712948,0.3459606655717331,4.927670257184549e-05,1.6532774935461334,0.13862185671936011,2.1446117788954617,0.2247935211979047,0.8454098126881734,0.013810054249620191
random,narrow,2,7,252.04824629272932,0.7755639424726894,0.019795062318286222,1.510785347664808,0.1158738714229774,2.0056263887293255,0.20760936701661833,0.8646997670865992,0.012121841396078492
random,narrow,2,8,31.25801053948597,0.4709098854157575,0.026221080128825618,1.6132331711361658,0.15854585345048625,2.1651227039230774,0.26414028376301785,0.8425883594619676,0.017156873868335754
random,narrow,2,9,1819.499706014484,0.1045435584329415,2.4920492341970905e-05,1.3196402670714467,0.12109356719967825,1.7522673728063278,0.153568814148151,0.8959952761168193,0.01503750863216483
random,narrow,2,10,8.88703804962547,0.6798114614845836,0.018687569176567158,1.4939875971273682,0.1348808792777609,1.9935988282734862,0.2601857087915083,0.8665143736335361,0.017015830545506518
random,narrow,2,11,9784.440830094407,0.40654239767553646,0.002419638184348129,1.2518860298390138,0.02949955442110789,1.61473842568215,0.058202948288590205,0.9107931066703475,0.016483998199921714
random,narrow,2,12,267.5379771714384,0.8621179849076281,0.0015672193006325901,1.1716922499094058,0.09433224619477316,1.5137662616353342,0.1033249593241255,0.921393980202458,0.018165978945452046
random,narrow,2,13,114.55753262471778,0.6137169384025872,0.019969601728293533,1.48592921231729,0.11375573540733472,1.9787935996865802,0.20410782020937288,0.868349642854574,0.010931926908938213
random,narrow,2,14,7890.77314903401,0.6925181318299735,0.0006954956333276439,1.2625805742466194,0.03886180870907634,1.5803860832927596,0.07727956042186986,0.9143332379657558,0.017640928416618462
random,narrow,2,15,39.180508323766134,0.21622339101901444,0.0008588690510578069,1.2231471505987002,0.11497493596505065,1.6401244012642362,0.15829140642257108,0.9088668078083904,0.014262190111237555
random,narrow,2,16,2.9730567915776063,0.7019494763859895,1.3892983458319739e-05,3.7217783704049388,0.29115743623923673,4.76962020680199,0.4627123540302345,0.2362215332031365,0.02889405859378185
random,narrow,2,17,139.55769781428356,0.8351832046922797,0.02092626313306562,1.5511590010759881,0.125096948393579,2.0565730675575082,0.22352945256206017,0.8577737653978932,0.013839250354953588
random,narrow,2,18,64.49862936930184,0.5920620110783646,0.03995844351604324,1.9800297313936297,0.22855766946247075,2.6403520239682665,0.35923819202174784,0.7659824905655249,0.031307404701077485
random,narrow,2,19,3970.660177979739,0.19616991196827194,0.0003207744122889575,1.1299850130278242,0.12451173964414057,1.5155522476543812,0.16645224462200486,0.9205584892083161,0.0246599115841983
random,narrow,2,20,6.414680665884677,0.6038055172624386,4.680329138972103e-05,2.5381868717223024,0.23581155689543054,3.304208167353478,0.4025557528122963,0.6338817098480094,0.03493233257086357
random,narrow,2,21,3.3826604654854338,0.8329969641884205,1.1848115050119865e-05,3.736808721901545,0.2885986962668603,4.784976331624575,0.4581638998436454,0.23121494421752492,0.026851196070869603
random,narrow,2,22,2.931769762047865,0.4884985730839694,0.00046419310088462954,1.8875182059154452,0.17557415410927904,2.4473405801217054,0.29848207576445374,0.7989563963365395,0.022225412775939857
random,narrow,2,23,821.5640771740516,0.9373431437289681,0.0007317023538754564,1.1688684247805399,0.09913787560208172,1.4986340602162431,0.10505199580906587,0.9230704503867349,0.01696395648676583
random,narrow,2,24,3358.08038728373,0.6172721367052832,0.0013333198481024003,1.2511699272019008,0.018676216138891234,1.582425123833735,0.04256768683607331,0.9144314568481116,0.01449563473774032
random,narrow,2,25,240.0326195324206,0.2266260633591367,0.03703607819484465,1.8342096760725126,0.20476345253538814,2.4783378588509537,0.3339843371187339,0.7938675185617836,0.026728201731438445
random,narrow,2,26,1728.6929053618635,0.04201178906868608,0.0011305400829980893,1.1831929557223666,0.06074897832002002,1.513192803888468,0.07694957661240374,0.9216847755713866,0.015138178834340148
random,narrow,3,0,2.526171710206267,0.8012744652063969,7.515449494844694e-05,2.819690343918927,0.25513273525517915,3.6573440618898507,0.4217474432720102,0.551392418460743,0.0356687078989647
random,narrow,3,1,543.9537124443467,0.4331269402364738,2.229353940701263e-05,1.4403015696634982,0.13003918538822393,1.884124605866451,0.17385995976073182,0.8803207116680772,0.012222463788909222
random,narrow,3,2,178.2574462726951,0.7345771514092145,3.898247901448963e-05,1.5273712782724347,0.13104369921757994,1.986902712364465,0.19664003126432483,0.8671866443798846,0.011594078957126358
random,narrow,3,3,3.4209081360776623,0.5167401826213637,0.00027998923986402856,1.9977216694717839,0.19131322582007065,2.5964462016274,0.31849845614024314,0.7737020204551098,0.025421082059283652
random,narrow,3,4,105.56213152079107,0.7378377872921602,0.0014809838218101687,1.1554576669996468,0.10515279643299812,1.5184110304866651,0.123113756259522,0.9215632578798578,0.014156592986116212
random,narrow,3,5,31150.939303556872,0.648547207079825,0.00011252566285171252,1.1500422855095707,0.0950661662687663,1.4942402987129102,0.1285002185839859,0.9233781853756344,0.01869750571458838
random,narrow,3,6,1868.521437620178,0.0014900835088361708,0.00012099439999219045,1.185238156722401,0.0955075110612885,1.6054861535435243,0.1389380533886558,0.912081228545621,0.017292837903235988
random,narrow,3,7,37519.81009425896,0.3139860020343368,0.0001269922369209584,1.1770732435364581,0.12134376056456155,1.6133053370004042,0.29716497525128194,0.9065069472910589,0.04988164098937375
random,narrow,3,8,15492.573762051801,0.47130966518183137,0.0014604952952612488,1.2675149997082187,0.016507462271083097,1.6169421773051922,0.044006539356229654,0.9106689427993506,0.015011120449941389
random,narrow,3,9,4301.356843173893,0.7069650956556235,1.2949379900185589e-05,1.338691401531643,0.12126098686221018,1.7689368546981605,0.1540116108155313,0.8939525443308408,0.015719830109795472
random,narrow,3,10,57.35358213376421,0.6605000674278948,2.1680109035557898e-05,1.929373206635244,0.17842801957345977,2.504091554192393,0.2902499923028324,0.7894202702380728,0.02179114888026241
random,narrow,3,11,23818.845837825793,0.630090199785343,5.8397454356322866e-05,1.146173288820505,0.11250562837098933,1.5288395256646152,0.14314323858596262,0.9196264378754782,0.020996613165101527
random,narrow,3,12,25.18021415408262,0.7221648081421175,0.005542882981566781,1.2169286364025502,0.08631256074000213,1.594905870983274,0.1117715466972293,0.9137239141963824,0.012292126100722124
random,narrow,3,13,10.659509464496086,0.6576522108732432,0.011741583067590962,1.3452292156001122,0.08380118301547494,1.771789083002865,0.17484682449249736,0.8943001779456987,0.00983326188400039
random,narrow,3,14,1616.038068245964,0.42857290429846195,0.010800294581359048,1.280147615870548,0.05232585728224145,1.6731251650613281,0.08567711084515237,0.9052143280103628,0.009544836646095668
random,narrow,3,15,3673.958142695959,0.1023199219220744,0.01776118150698423,1.398925334716649,0.0955677822026979,1.8490854544913102,0.16158179377615625,0.8849299549096041,0.007033503455215485
random,narrow,3,16,9840.925145670144,0.47968392351227496,0.00028650050201953095,1.1765105478552849,0.09767107513105154,1.5239469686521816,0.14468152304273177,0.9197861214882315,0.02302171331174731
random,narrow,3,17,4.871040650144779,0.291978615987851,0.0038322876552486194,1.323457997752561,0.13184715639753342,1.7681068581667112,0.2080340162886828,0.8945764189115335,0.015058421857073208
random,narrow,3,18,12401.000770518041,0.5618097187308899,0.00010437621892505372,1.127310083268026,0.11316559115249286,1.5010555504341085,0.13787363389118698,0.9225382926027808,0.02011781326191323
random,narrow,3,19,75.50445813193042,0.19663923977212372,0.0018498385507141446,1.1330718092105212,0.1082551231602929,1.5165056558067476,0.13694987574020195,0.9218040211267542,0.014248976954995964
random,narrow,3,20,7.03340695548658,0.7522234183692774,0.005789141487843407,1.2836006945028307,0.11004173239020337,1.7009722488375172,0.18483662084603675,0.9023535920118615,0.013480759117114088
random,narrow,3,21,461.5428475584084,0.20577504822901882,0.025529722716717836,1.559773544713822,0.14414210164212604,2.1028933789206095,0.24578857367094895,0.8514908920413564,0.014728291117783813
random,narrow,3,22,9962.2826897456,0.9643577208942796,4.217732146162208e-05,1.242996128905944,0.09849330597012466,1.6349316482755634,0.12567505840228127,0.9091420913064743,0.014889422477881796
random,narrow,3,23,852.5373629525077,0.9705587631326238,0.0017572960302866965,1.2175825702372787,0.0512866891204233,1.5478176661525977,0.0886460287682276,0.9177390311408189,0.018635857066686187
random,narrow,3,24,4991.638371268212,0.054093757870965264,0.008353741840820335,1.2631363091784897,0.07851316077984588,1.6464874234833686,0.08115758050475562,0.9082231942179115,0.00872083690193351
random,narrow,3,25,54.358226051639214,0.1935275814655144,2.0607400698123896e-05,1.952192350401214,0.19394196531784916,2.547018933511081,0.31715723345171626,0.7822762733541021,0.025053097341585027
random,narrow,3,26,10.114736518033038,0.1267549797183054,0.014999982471274575,1.3686184827247794,0.12341942680709822,1.8301624198639561,0.2282716895036545,0.8874915371105303,0.013175328003417374
random,narrow,4,0,27001.777389280673,0.9762437057077041,0.0007787270850782464,1.2626115509033669,0.03789049078255457,1.5834621963434767,0.07025094560957874,0.9142619247752369,0.016081990027680276
random,narrow,4,1,2.3979827328756143,0.37648658437727256,0.0017643754428957666,1.5840198276642565,0.14904003033020433,2.067292579835855,0.23614287958092647,0.8564027917880036,0.014573207215078344
random,narrow,4,2,5862.862623447389,0.8716352741876564,4.421535913076629e-05,1.2518866587459208,0.10316144479292444,1.6567167786504329,0.13714886869251422,0.9067273785803012,0.015554444832697122
random,narrow,4,3,359.71978594015013,0.4771535238392063,0.02174034928784022,1.5068922973277998,0.12515222044278013,2.01513740063514,0.218664349427261,0.8635542010192825,0.011830157454756499
random,narrow,4,4,105.41176763817445,0.9841529999311214,0.008284956704294964,1.2914266146415372,0.056111501395496845,1.667504297811983,0.08047107868382518,0.905357253162238,0.014809713494446763
random,narrow,4,5,54.617322947229745,0.9290263877654195,0.03837546225207707,2.02411185433262,0.23291055398537092,2.669516682864576,0.36138504110012887,0.7607301702629367,0.03213283133222011
random,narrow,4,6,6.838677607648154,0.7048647455647425,0.0017869971826283252,1.3673848813738665,0.12587303031654992,1.8099491771786496,0.1910441324838022,0.8895188036314827,0.013909920902851062
random,narrow,4,7,26928.13080235862,0.13339575545169313,0.0028989906758709197,1.2934957769337931,0.05152399689264523,1.6681471531634666,0.050971534037423126,0.9051331622597096,0.014381108252840318
random,narrow,4,8,218.5067778251954,0.5002261893487459,0.0006697071865873019,1.1423137936228016,0.09994458401780243,1.5294311876020668,0.12769350606673477,0.9206710056546971,0.012052406232081985
random,narrow,4,9,31941.06621639619,0.22377114677821597,0.00019697356505226054,1.1917235243328959,0.1245753557199637,1.6389626075709285,0.36504334875292344,0.9014616699185684,0.06228241402276664
random,narrow,4,10,283.96915102227644,0.9391070534240088,0.0023532713927769226,1.204618326238966,0.06718160947305639,1.5440320504794705,0.0996097113612012,0.9180476937045039,0.019711588570526718
random,narrow,4,11,543.0937304809742,0.9297746953080669,9.788309135811103e-05,1.3008283830011698,0.10401987043723698,1.7144045639406655,0.14051907147281018,0.900423636236798,0.013868202272907974
random,narrow,4,12,204.45717827042012,0.4760389104754019,0.0031605824795281835,1.1951713508826538,0.05749938195999447,1.5371738153507735,0.08995671066137916,0.918977445498942,0.01761381126502302
random,narrow,4,13,10.46122723285621,0.7706304830917438,0.003645266125556642,1.2470617948055733,0.10873378797153425,1.6599543613976244,0.16313286437023247,0.9068171180029637,0.013437984110685258
random,narrow,4,14,7.879696013127687,0.3618150599019092,0.0005025919586096943,1.5741378420701098,0.13347614142065664,2.0501533365754026,0.21104496206607945,0.8586448637579199,0.013038412792561934
random,narrow,4,15,6.342409813175735,0.9625074113263784,6.588296716478884e-05,2.368454651577631,0.21208712973789112,3.079952196633701,0.3708696424129701,0.6816802889151112,0.0322236369852039
random,narrow,4,16,14286.886572462396,0.7394732431350439,0.00025946931064303546,1.2112580040532666,0.10268327228804576,1.5485026957404942,0.17048459141281425,0.9163908008458292,0.028400776568197193
random,narrow,4,17,1.5747316193313172,0.5371708512141022,0.024253205110889905,2.0386688116357123,0.2528427970859617,2.747511856178226,0.4456027287053904,0.7467717373002851,0.044713383103570516
random,narrow,4,18,7151.77436547617,0.37612381317906773,0.00010487871020669155,1.13612682205203,0.10472773604911052,1.5357881778907998,0.14171843583742405,0.9189322037772939,0.02081101057959826
random,narrow,4,19,43.19634442628202,0.42945988292273374,0.03953895272432729,1.933186889788735,0.22231248797272543,2.5928823727131114,0.3528198179313714,0.7743444413423715,0.030030028843592155
random,narrow,4,20,222.86465587631935,0.9031955883507381,0.034366664795401014,1.915053708274968,0.21378273347345025,2.5318197321148554,0.34053625952942695,0.7847430998956569,0.028861679328979192
random,narrow,4,21,71.80299160733003,0.8070479361350381,0.00013705905265556923,1.4613193332755867,0.12796962748353113,1.9038987289509965,0.18383441763776068,0.8779708693827848,0.011102082160145374
random,narrow,4,22,3.198937662626308,0.8764338171832751,0.000282289697147126,2.0318177178192545,0.18508722626999016,2.6300809460278036,0.3170157543225427,0.7677783946931225,0.02511292966814384
random,narrow,4,23,20510.402446937685,0.07872015051065484,7.305025133623505e-05,1.135806008549351,0.119999695171434,1.5911772972839027,0.2757205660674758,0.9096725887037287,0.0443164217062625
random,narrow,4,24,5029.303990506842,0.23750481762383724,0.0019949793894284105,1.2942039737564648,0.03937494117661622,1.6585468182325331,0.05230361746213814,0.9060256035759228,0.015655393477857014
random,narrow,4,25,238.32902977033888,0.7000873205228134,1.8372737123909345e-05,1.6168856946285177,0.13352065889828876,2.0976684889630226,0.21800760061141053,0.8521180748675189,0.012632445692623166
random,narrow,4,26,298.58440309683596,0.08816937300957906,0.004040836832846592,1.2534338202501187,0.0480349730098053,1.6122193072877202,0.05717978534960195,0.9113766810986877,0.013802103621355264
random,narrow,5,0,6062.958451345071,0.515325561042142,0.00973977101303782,1.2681901159040638,0.048798543597882466,1.6551906203590654,0.07860673584036736,0.9070870427529993,0.010921687495038126
random,narrow,5,1,22.027850089659438,0.38336888078551823,1.5830260092748248e-05,2.4475140027651885,0.22332817594403775,3.183644819381673,0.38588730426594997,0.6600515364395333,0.03269869837747511
random,narrow,5,2,83.0621828092802,0.04875771072716806,1.4705221962386768e-05,1.9210609495175106,0.1955053894036503,2.501217387836992,0.3164898583742181,0.7900306482146812,0.02528356394294949
random,narrow,5,3,49556.268091096186,0.23451020166982395,0.002588771838247927,1.2749064158430472,0.044655257542413763,1.6433042556720554,0.053655247426750284,0.9078069690805574,0.015155926473586729
random,narrow,5,4,110.61282938565937,0.8976776081085488,0.040131510607208945,2.0589412086885366,0.23881608380890904,2.718491891632267,0.3677297349686014,0.7518938378281476,0.03306594592486137
random,narrow,5,5,9268.646578548105,0.4930230187317426,0.0002828089067350188,1.1717324269559692,0.09751204092757587,1.5209882690808414,0.14212797021792087,0.9201366232017165,0.02266559071937432
random,narrow,5,6,1512.665725125383,0.5555961169207234,1.6784461468427568e-05,1.3671870637774206,0.12834947466197807,1.8048118712825887,0.16423395857434492,0.8898901600797208,0.014263218714199147
random,narrow,5,7,18.860054670651518,0.06421443731219101,0.017939209612061566,1.4192547115348115,0.11084160155937901,1.881762569856182,0.20044182370565145,0.8810535222894513,0.009234327094537167
random,narrow,5,8,1554.0094347192176,0.2273185251609081,0.016536030750139458,1.3787868339243652,0.08870802000862808,1.8187675192718822,0.14948888701265886,0.8885967850003453,0.006870712536140583
random,narrow,5,9,16131.859001017703,0.01851721767021075,0.016835455615807838,1.3847735933775667,0.0945305948867404,1.8225535641501196,0.15191124267116304,0.8881699730856074,0.006418834761554698
random,narrow,5,10,2111.0593789227805,0.5033639655536645,1.0102703182524506e-05,1.378495380821796,0.12606429609337155,1.8172464582647305,0.16221478223709382,0.8883897780695593,0.013961675883808125
random,narrow,5,11,112.69000030238354,0.32494264457560607,5.647108656103494e-05,1.5317393264564791,0.13335353445315803,1.9899484829753433,0.19476052018152346,0.866697291169672,0.012635421430604752
random,narrow,5,12,6143.016156363892,0.1490385835335558,0.0001480971766442578,1.1347430571995896,0.11644133675641843,1.5636017658880832,0.20985754012158805,0.9144553639153988,0.032690665156512186
random,narrow,5,13,1915.520879265996,0.798939490963134,0.0004561956862798514,1.1519063466364063,0.10189174300333655,1.4818094844885865,0.10727250824321065,0.9248868819279312,0.01609391465284118
random,narrow,5,14,12.784530052997088,0.7998795260549534,0.0001523610104339584,1.8038127205217513,0.15541951470492044,2.3310603804069445,0.2617889426188376,0.8175174940426999,0.017284948545228173
random,narrow,5,15,241.37816142758555,0.2361941283958635,0.0007466256930808718,1.1214847987046714,0.10407768785841395,1.5127547202739078,0.13033905562559717,0.9221608081931858,0.013906097432683921
random,narrow,5,16,1.1703224751460821,0.08582579108682997,0.028311782565686158,2.335594472224252,0.2815304201762612,3.1406767860770683,0.4603680362458244,0.6693044343879078,0.04791621235571179
random,narrow,5,17,9338.684341444368,0.9510229811957994,0.0002294984825977863,1.1742221394573422,0.09848666885141338,1.492192591159755,0.12055811976256174,0.9233905467701042,0.019214292802943667
random,narrow,5,18,75.31601324364827,0.5561597755338971,0.029098533196497585,1.6986588538597238,0.176560870138021,2.276585808704311,0.2922053879805858,0.8259825160421489,0.02105784098584048
random,narrow,5,19,13.439673081286305,0.6743897148867628,0.005527089765234071,1.228428413198171,0.09580546477467636,1.6180913463258306,0.14044007208789044,0.9113775761761838,0.012440734936166889
random,narrow,5,20,1640.8155750086382,0.2218885591644547,0.0005196038917731873,1.1257422990396697,0.11180002170102629,1.4954733345660445,0.13262208879098356,0.923367952434182,0.018126583406398063
random,narrow,5,21,1027.4448021646235,0.6922222746448299,2.4895498907585276e-05,1.3739491345761552,0.12599579945690526,1.805692734924468,0.16304405698953459,0.889825319110016,0.013692544724188047
random,narrow,5,22,967.5279367283267,0.7985233458061055,0.0002470065890066529,1.1773536217070866,0.10014969776774495,1.557934602927504,0.13004197371053652,0.9175851371895932,0.013258448200321597
random,narrow,5,23,8.160558676774677,0.797933886097021,0.00027816072528094105,1.7552733888121341,0.15056975807802203,2.2711861334424475,0.2549747005857011,0.8267909004928395,0.016004032576428188
random,narrow,5,24,61.35392541407792,0.6125178041653119,0.0043482994518442356,1.1882885713318323,0.07250334215111819,1.5502261567996696,0.09339907306581557,0.9180476291787091,0.014921116139615893
random,narrow,5,25,26407.990598906144,0.7236762546507963,0.046578170913404014,2.171229513434059,0.25005255132583526,2.88313110478922,0.38347323123429816,0.7210096754492407,0.03526970889562787
random,narrow,5,26,6320.228745998493,0.7128902625665684,3.6765725075004376e-05,1.2470514205720526,0.10342097017658594,1.6600567831333364,0.1352448907271555,0.9064081160242712,0.015010123210702412
random,wide,1,0,404.0123326162769,0.14415961271963373,4.500345682595963,4.329249726039285,0.28973031292017115,5.4667472526010386,0.4352697733961103,-0.005201576055730151,0.006787630736831038
random,wide,1,1,3450205.985299934,0.42332644897257565,0.00015234217932118358,1.483000294220854,0.1263841223884486,2.021734318107465,0.45137839666384083,0.8505112648261427,0.09277500689836381
random,wide,1,2,281399.5148726082,0.5495936876730595,0.0007318026108494001,1.3032010771529783,0.01757370253598389,1.6389054712914586,0.048232595776770276,0.9080290052458485,0.01709978253377909
random,wide,1,3,0.017702394677817958,0.5381433132192782,0.18818792806069345,4.301857231872143,0.3107944180004524,5.4896257214110165,0.46982227235171414,-0.01289408664746854,0.013670725036871667
random,wide,1,4,9.280800741686154,0.303194829291645,0.3303702439271509,4.2563948758136485,0.28755977605861693,5.400528701761228,0.44574358445292916,0.01936287491329729,0.007720892329523675
random,wide,1,5,120.63713241572559,0.40311298644712923,8.675447395284994e-06,1.973952127174763,0.195775782523481,2.572585872307978,0.3172945952443587,0.7778069236306366,0.02585637086635217
random,wide,1,6,0.6777931354613034,0.7503646726300526,6.857935293219146e-05,3.6732765873327202,0.2891183906685598,4.707974076141747,0.46049811394990264,0.25588896105573844,0.029282794433887805
random,wide,1,7,3.339479808044895,0.9807371998012386,0.0024907883228393202,1.4755838671441992,0.13404817456634133,1.94133524096608,0.21615451586706735,0.8731606676371617,0.014359980266519653
random,wide,1,8,4517672.485372567,0.5412268555474342,0.11844850548471193,3.4974280953739703,0.24604636398592258,4.502553667933278,0.42232437900324477,0.31889853367530313,0.02968451335232945
random,wide,1,9,3.1047085410296495,0.9699254132161326,1.3321835340632695e-05,3.7289646485988426,0.2899492478279265,4.774378345761959,0.4602811307777694,0.2346597333541392,0.02789685656920404
random,wide,1,10,441.18147662369597,0.6234897555375004,6.472309658335572e-06,1.7179634820428298,0.14405735753603685,2.2242190788177174,0.24046089948403748,0.8337686867003852,0.01550481481817224
random,wide,1,11,97757.03686006085,0.9172977047909027,0.019544434424727156,1.5349955021844777,0.11697918063173654,2.027016426707578,0.21061887826845363,0.8617370437652523,0.013322741544760179
random,wide,1,12,0.022716210790478336,0.4593358828854037,0.005013313262287451,3.865549783595364,0.3001445825093605,4.957336443288173,0.46870680444143875,0.17479292817891062,0.025045294274586682
random,wide,1,13,0.036403757470936035,0.8526328384806567,0.03085298471247413,4.170976046652949,0.3027210333936563,5.326504900791523,0.46036727105201075,0.04650877555582713,0.0140559161998692
random,wide,1,14,2170.047113993684,0.8398815210314088,6.617319960692679e-05,1.2643991114056674,0.10675374781875925,1.6733035801980218,0.13874402760693483,0.9049929784939996,0.014719233819339001
random,wide,1,15,385.00195400458904,0.7530302077021779,0.003768965753422928,1.2157272667569639,0.05157475533707121,1.5783264790070564,0.07401014564348175,0.9147511114872409,0.016932996307388877
random,wide,1,16,0.21443630839327954,0.6832869060032571,0.5462444454598346,4.302520608482376,0.3071742281130811,5.483477781811155,0.46343975635561085,-0.010747389408081332,0.01159143313604164
random,wide,1,17,121303.26038978023,0.80236416113453,2.1943899881387644e-05,1.1742610492717007,0.11590457939157417,1.5452732145581467,0.14334330516705854,0.9179885323971781,0.020636685569038
random,wide,1,18,0.5271270882514467,0.8552269742870702,3.722788138886545e-06,4.270747079399665,0.3042883875998518,5.439058444795725,0.4611736604738421,0.005589116038907482,0.012070584808959275
random,wide,1,19,564353.8155226236,0.4719097193587902,1.366972176296314,4.331642187425219,0.28848338776008586,5.466963190743111,0.4332592997395548,-0.0053302806590339365,0.007248268550273667
random,wide,1,20,2.9270861011111173,0.6457208955749478,1.121095992734569e-06,4.244917826535492,0.3072034403710509,5.415902162308617,0.4642975158459711,0.01414355106753582,0.01359545536691994
random,wide,1,21,30142.859661952134,0.28187782736454214,0.7062923714013418,4.326738669604727,0.2874267268625667,5.463595309863578,0.4339993460911203,-0.004067752380522949,0.007019857411688244
random,wide,1,22,0.8648952350543703,0.8050548331450097,0.029875808050169605,2.6329628187906904,0.2959263756916907,3.512191866601994,0.46920428637614503,0.5865066414198077,0.04883556427581426
random,wide,1,23,4710183.812786496,0.48221238819933654,1.1315501667159766e-05,2.0632799131384028,0.215400378962168,2.686976337309498,0.2964150315404289,0.7528750166790463,0.05583049445494942
random,wide,1,24,1128347.210988387,0.5895020620840481,0.0009099517166017202,1.2733176979538399,0.01427604913771204,1.6088091534283897,0.03599539142547312,0.9116353770770612,0.014203647115406785
random,wide,1,25,0.016611777192170843,0.9190886196338225,0.05178681598636213,4.279776440054404,0.3056131385773186,5.453924857878992,0.4601264467559134,0.00010531822260382296,0.010709993160766686
random,wide,1,26,276329.95481625566,0.6603553805205233,1.5799446293802817,4.333192089423463,0.28795774958328335,5.467281349240587,0.432194345123096,-0.005474146328854878,0.0075526137696122165
random,wide,2,0,2.2620865017496987,0.8142257405942803,0.00012286777787108493,2.5996622133038456,0.23880338380016944,3.3807021994146176,0.400508735355141,0.6166944128708081,0.03379456584784535
random,wide,2,1,0.06718053827041164,0.7285605268117946,0.015874632560612077,3.7142414256055565,0.3056015858373969,4.793775784258061,0.4663632835891235,0.22854715753559898,0.028967243200521048
random,wide,2,2,0.49103184710778547,0.2749693679060381,2.4323518144346246e-06,4.28180959845225,0.3115513170135663,5.467675860369243,0.47106046115330924,-0.00474645459966323,0.014671049851845018
random,wide,2,3,8258.423190549462,0.15006226330533612,0.008626996850005389,1.25292056084449,0.06898725800831915,1.635699709000884,0.07677007244209476,0.9093758566897868,0.00905841684240282
random,wide,2,4,78.28474066918422,0.4227846732701278,0.04842627790791176,2.147489212284502,0.24965572559769972,2.8756511275478545,0.38461571248229437,0.7225036807031984,0.03507811279018524
random,wide,2,5,4996.427539657549,0.6830648223096253,5.9163201568848836,4.333434817125604,0.28795039759881014,5.4673562292177555,0.4320925834710336,-0.005504399318022024,0.007590847325830994
random,wide,2,6,33.46751738975564,0.3459606655717331,2.0453516621493658e-05,2.119159414208658,0.20296867301483917,2.770590369849589,0.3401687499458513,0.7423545125424618,0.028538078762873908
random,wide,2,7,397.734956303261,0.7755639424726894,1.7316729240850204,4.334165719562625,0.287623752095382,5.4674902243877055,0.4315306772381507,-0.005567773758746774,0.007751263467276052
random,wide,2,8,7.299941932605677,0.4709098854157575,2.9479375261668563,4.3094378516692915,0.29964842001431,5.469975410771797,0.4498178958256294,-0.0060480840832869195,0.006561540203601504
random,wide,2,9,17531.92401931999,0.1045435584329415,5.629258071106742e-06,1.2940151136888227,0.11083186223201145,1.7285518762223506,0.1462858846212551,0.8985196362644118,0.016600724648578685
random,wide,2,10,0.656397665445491,0.6798114614845836,1.5529151104264436,4.303546164284265,0.30539785649966494,5.478642836688021,0.4591238979722012,-0.009046916743317368,0.009850201777627314
random,wide,2,11,439670.08009079896,0.40654239767553646,0.0324379861799106,1.7535358631423352,0.1908855062803283,2.3603292121840727,0.31195855968502845,0.8129813782790766,0.02372242350015023
random,wide,2,12,445.8653748909673,0.8621179849076281,0.01425951072872239,1.4023645494756707,0.07244354332088529,1.834235649831761,0.13929737581080456,0.8864089050422693,0.01052631148767818
random,wide,2,13,87.83659570718456,0.6137169384025872,1.7606813733880415,4.332854587483143,0.288146358089751,5.4672259949893025,0.432490842336953,-0.005446372765105378,0.007468714960917987
random,wide,2,14,291209.2274870833,0.6925181318299735,0.003064731163246406,1.2210885037500714,0.050360230753130716,1.5825719529118163,0.07331129396020909,0.9142136413275646,0.017497987187880405
random,wide,2,15,11.25196498059333,0.21622339101901444,0.004568772440807441,1.221034210969277,0.10802961212936191,1.63090969816322,0.18086974354800728,0.9101828794553342,0.01308843497596278
random,wide,2,16,0.0805995130846528,0.7019494763859895,1.8630688707357385e-06,4.299687163973415,0.30868337128187817,5.481937047320939,0.46470457104480756,-0.010150769701642725,0.012035735368183777
random,wide,2,17,128.19632868357488,0.8351832046922797,1.9237074622103223,4.334693869389042,0.2874576770441633,5.467598902259945,0.4311768444365305,-0.00561666871159221,0.007854890967776978
random,wide,2,18,29.231843864612507,0.5920620110783646,6.5426153454865075,4.3327183300994925,0.28825803116294124,5.467212720145303,0.43264025590150434,-0.005437802656337576,0.007429694970201116
random,wide,2,19,78153.75119057708,0.19616991196827194,0.0007085336966178964,1.3938070971649084,0.03988293908339751,1.7760511608969485,0.09014136308024952,0.8911496050037068,0.02626985472572999
random,wide,2,20,0.3515548839658139,0.6038055172624386,1.8554257674344974e-05,4.192383016604766,0.30557465111557053,5.351936524692819,0.4657941525592051,0.03742905167160069,0.01584235750226259
random,wide,2,21,0.1032038017921522,0.8329969641884205,1.3783999283399975e-06,4.30112633429715,0.30643894331077276,5.479581635523252,0.4627214120579586,-0.009319560278523365,0.011434586926809483
random,wide,2,22,0.07846935112803873,0.4884985730839694,0.001425908798654116,3.3959496384002845,0.28040215854792505,4.367026727373926,0.45529443597969355,0.3601216544955844,0.03305056181557946
random,wide,2,23,3823.4170760022203,0.9373431437289681,0.0033736605039832225,1.218456501999019,0.06363027058545467,1.5749215429831493,0.08929160809051179,0.9149701019579883,0.018549425324878386
random,wide,2,24,56698.21014677499,0.6172721367052832,0.010501842124104856,1.2895200151861868,0.049495365671161244,1.6812516356589984,0.08656908898734222,0.9041910850157595,0.011017255975709824
random,wide,2,25,362.2124922166201,0.2266260633591367,5.666731847830427,4.3298888607641235,0.2894443654852173,5.466814426095166,0.4347778234976229,-0.00523835657156666,0.00689617688062689
random,wide,2,26,15894.403514233056,0.04201178906868608,0.007685581853624731,1.2642385745447418,0.08111961106357585,1.644982895267254,0.0789295338525234,0.9083584399706595,0.008985705264516931
random,wide,3,0,0.05899870841674131,0.8012744652063969,4.5464617972392846e-05,4.2579594264788785,0.30438166204248884,5.426216317467478,0.4606806727945627,0.010292299787427206,0.012452689276868578
random,wide,3,1,1735.6347012869478,0.4331269402364738,4.559324420382448e-06,1.5055628993270556,0.13009163362851126,1.9579803565724323,0.18366119920534102,0.8708878942631207,0.011880129153915276
random,wide,3,2,204.86212971725325,0.7345771514092145,1.312720908168753e-05,1.7354888179615575,0.14800173244715512,2.2458277225458523,0.24859198526909007,0.8305806431973194,0.015970494560409807
random,wide,3,3,0.10545038733155002,0.5167401826213637,0.0005477688523921978,3.6383208331535477,0.288930835239921,4.666359760186885,0.46371539577800114,0.26910135600626955,0.030584024245060487
random,wide,3,4,75.10211778398295,0.7378377872921602,0.012811205572454071,1.3518096795352386,0.06113506420468629,1.7629484391434835,0.11493947758345234,0.8949263590445204,0.01015755392697285
random,wide,3,5,4040222.5988607397,0.648547207079825,9.759063553384677e-05,1.4045427682451916,0.11761571703994139,1.9346490262994227,0.5346018672197772,0.8579628056616734,0.10969983632199636
random,wide,3,6,18447.77402137752,0.0014900835088361708,0.00011195545081683805,1.1457676555266116,0.14406247195472346,1.639299643188067,0.40560761407487816,0.9002400003567063,0.06807737321860229
random,wide,3,7,5769557.061135184,0.3139860020343368,0.00012268982898815434,1.554734752097811,0.1261125123220265,2.1303265431471603,0.5029900103685542,0.8321087008150192,0.11105486586366174
random,wide,3,8,1060228.8898460758,0.47130966518183137,0.012477873522221716,1.3143712200941198,0.0578056481950923,1.719044796494579,0.10405258959124777,0.9001118748977461,0.008723759008301576
random,wide,3,9,91094.69515687918,0.7069650956556235,1.6308801756302273e-06,1.3102033066697998,0.10592699354112817,1.7403132518146691,0.14060996997061706,0.8971633003741845,0.016226189789654007
random,wide,3,10,23.345033490790524,0.6605000674278948,4.324829537925651e-06,3.1984297667442143,0.2789287451671194,4.126868385038156,0.4500941762445429,0.4287260426608537,0.036009075251568844
random,wide,3,11,2416432.636305128,0.630090199785343,2.8205784052681404e-05,1.5074641873404235,0.2015132726025607,2.08367942795242,0.5551628750806866,0.8375660205290754,0.11630946509226854
random,wide,3,12,4.824672247339867,0.7221648081421175,0.15570292115755635,3.9389686811718776,0.2763611565806556,5.068332722561811,0.44941177308517744,0.13689677817472798,0.016837959695833602
random,wide,3,13,0.9299055101293192,0.6576522108732432,0.6444780343105813,4.302782280801319,0.3044627442637881,5.477927368274208,0.4584507917979137,-0.00879766937227382,0.009849520802860478
random,wide,3,14,13969.799427550668,0.42857290429846195,0.550212244731323,4.3217896664889865,0.28540638918344213,5.4569076526958415,0.43326918125557823,-0.0016171863584948155,0.0072203796469641835
random,wide,3,15,67351.79123948666,0.1023199219220744,1.4104616835799038,4.328790150380641,0.28972709175489675,5.466633780667701,0.43545111639327916,-0.005155209975985553,0.006742137925048938
random,wide,3,16,444544.2909449462,0.47968392351227496,0.0005721255308870751,1.3344901649714707,0.03733587105272712,1.6843249958176227,0.0889636302845806,0.9022079515681224,0.023465834897719414
random,wide,3,17,0.20749666831495345,0.291978615987851,0.07744340054683736,4.176469917817714,0.3097061413452539,5.361002674666471,0.4698012361579549,0.034248511446932084,0.01628999143551184
random,wide,3,18,692233.0782405337,0.5618097187308899,8.464876741126769e-05,1.4161299598056323,0.11977987074551613,1.9531697199329483,0.5411473954580444,0.8552175900741192,0.11208078606810541
random,wide,3,19,39.52810460483475,0.19663923977212372,0.019514905084131295,1.4337668652692404,0.10293551858917124,1.9085201917952292,0.18307915012719872,0.8775116709777417,0.008367642496143881
random,wide,3,20,0.41936083427550686,0.7522234183692774,0.16905292893152193,4.265534278288053,0.3032497574011616,5.43981537563185,0.45831611481247914,0.005256277336775961,0.010607030329835263
random,wide,3,21,1267.070763476632,0.20577504822901882,2.8025782095385368,4.3297262870909385,0.2895159113315057,5.466795687415343,0.4349021896916842,-0.005228404905023609,0.006867981711154571
random,wide,3,22,455103.4432434789,0.9643577208942796,1.5237410906001555e-05,1.1858937894085337,0.11344974881927808,1.5257501082300808,0.13892181595714898,0.9201178493104116,0.019299662049866984
random,wide,3,23,4104.257050908093,0.9705587631326238,0.01770869328724819,1.5024906429641185,0.10381390569649769,1.975821395626048,0.1902847186178678,0.8685063572364051,0.012416263088919046
random,wide,3,24,121141.91205190586,0.054093757870965264,0.3383937495541308,4.26637747572464,0.2800347962410304,5.394977279704895,0.43685615850612447,0.02117625755342243,0.007962263821592876
random,wide,3,25,21.06574170580002,0.1935275814655144,3.928831518085349e-06,3.3191784128790607,0.2800065732813852,4.2728894266998125,0.45287534656495904,0.38742070484077795,0.035161848206764074
random,wide,3,26,0.8410134013427111,0.1267549797183054,1.0244565067107203,4.302536386274222,0.3097190785326948,5.488494292594972,0.4675485411709254,-0.012520881242024995,0.01286530720682969
random,wide,4,0,3072592.386920219,0.9762437057077041,0.003795708651108819,1.2218999831204467,0.06673213702293232,1.578882985969487,0.09086386318857612,0.9145872767784263,0.018393000225674062
random,wide,4,1,0.05339790459404535,0.37648658437727256,0.017843942863872992,3.878358366439427,0.3052098039762353,4.993128588859818,0.46714878670880994,0.16276915083521476,0.02394084513875063
random,wide,4,2,164858.3173616608,0.8716352741876564,1.666075634157748e-05,1.1874133031401601,0.1169228976933215,1.549015289468225,0.13046026345320558,0.9179197840036446,0.017902077019650596
random,wide,4,3,786.0906069119837,0.4771535238392063,2.067785844850261,4.331818076224633,0.28860790098613415,5.467055794013044,0.4332952040143525,-0.005363691530916181,0.007249909787206097
random,wide,4,4,74.89735822556634,0.9841529999311214,0.3331401851785858,4.282217812314376,0.27814716571288794,5.402750307823671,0.4313993511591301,0.018211196501844062,0.008437299359641952
random,wide,4,5,21.258476329357233,0.9290263877654195,6.060801845288002,4.335331619917424,0.2872459339811719,5.467711870037105,0.43066367849847836,-0.005670978029064288,0.007995257966600246
random,wide,4,6,0.3974049495986501,0.7048647455647425,0.018279373967021558,2.660331546522924,0.29623820883583035,3.514385607749449,0.46065486859772176,0.5860471262479601,0.046222063838763795
random,wide,4,7,3056561.3146341695,0.13339575545169313,0.04566694072602036,2.0275901491228216,0.23320916557792606,2.7368734572789633,0.368747633979328,0.7486746964597257,0.032009449082106095
random,wide,4,8,302.5578247022493,0.5002261893487459,0.0028532435073831274,1.2081779255652922,0.046941870182466115,1.5472889112586778,0.0830148290592338,0.91784905668151,0.017795151296938583
random,wide,4,9,4238777.056958755,0.22377114677821597,0.0002815540629315563,1.4111733052761888,0.07206846381892124,1.8822059915650358,0.32747510318760187,0.8723055080781548,0.06748615844212703
random,wide,4,10,499.78477255213994,0.9391070534240088,0.03077488705684954,1.8284134540415606,0.19875171077270615,2.4194837346304,0.318798652020796,0.8033872286585618,0.02564551819025439
random,wide,4,11,1730.3828647728815,0.9297746953080669,7.496071701907499e-05,1.2721001652993686,0.1037334881569847,1.6772791884287865,0.1355591660108247,0.9046057007224073,0.013978041955153318
random,wide,4,12,266.395915351593,0.4760389104754019,0.05377817431701872,2.286304676269285,0.258007921925995,3.052563850594816,0.3970076051786998,0.6872831919855373,0.03743501819215684
random,wide,4,13,0.8970574096450442,0.7706304830917438,0.07044729354508376,3.724978744090212,0.2931028729231628,4.861861446942364,0.4596261308429512,0.2062272275311218,0.027504681462107897
random,wide,4,14,0.5213105899658687,0.3618150599019092,0.0016573418204346,2.116850145882471,0.2042058679766374,2.7592068615843455,0.3504332570395627,0.744621018269176,0.028603035076375884
random,wide,4,15,0.3440078674730499,0.9625074113263784,3.543738109200711e-05,4.108754081418434,0.2956403242590026,5.232784002447647,0.4554788822855391,0.07980785664711842,0.015484520079728593
random,wide,4,16,907836.1339994452,0.7394732431350439,0.00047428870624678795,1.3046014231545764,0.055924502513605014,1.6508098850179898,0.12447663883780406,0.9057306549203197,0.02663865558792687
random,wide,4,17,0.02386230182525404,0.5371708512141022,2.543316499306784,4.303121901692946,0.31087702468341516,5.490911044345829,0.46988849169420627,-0.013369398747455508,0.013664851678621758
random,wide,4,18,241218.2884693999,0.37612381317906773,8.542161990152594e-05,1.3058302259670869,0.18495564353420751,1.7643225085444514,0.4632991950218371,0.8829916356501648,0.0836918416705906
random,wide,4,19,13.564177684651366,0.42945988292273374,6.41324267780321,4.327695750706527,0.2906239776370493,5.466352332445348,0.4360263460779284,-0.005035869681848215,0.006467769076195387
random,wide,4,20,314.22060811976417,0.9031955883507381,4.918724635029678,4.335311884346488,0.28724525697334546,5.467741196697494,0.43074967672961495,-0.005679875050034156,0.007988679262695725
random,wide,4,21,35.900011883846076,0.8070479361350381,0.00014174424601145274,1.5746214531190492,0.13203350075178755,2.046045498918919,0.20939910171806092,0.8592592210083001,0.012031904635237243
random,wide,4,22,0.09273513506243057,0.8764338171832751,0.0005563170826366452,3.7001419084047944,0.288748809616873,4.7404170601775135,0.4591758109046445,0.24555322295453888,0.027622686927682084
random,wide,4,23,1814603.4552353565,0.07872015051065484,4.3085772168776055e-05,1.7885598152536204,0.39719596748574115,2.3582794939202993,0.4471170611319287,0.7968416814907521,0.10133401731273706
random,wide,4,24,122898.75577652552,0.23750481762383724,0.022513678385443468,1.4963116422108247,0.12345749999269609,2.0079535091790013,0.21696375440677287,0.8645287781240156,0.011561753110141694
random,wide,4,25,357.30471557618404,0.7000873205228134,3.1617501987216042e-06,1.9568168853262429,0.18119123559704814,2.538083348816913,0.2945207325907012,0.7836661913099305,0.022468799669286516
random,wide,4,26,550.2107909543944,0.08816937300957906,0.08561208048107338,2.893316481232325,0.2671738475786795,3.8321078587244104,0.4202315151306589,0.507002004256129,0.03858677057055344
random,wide,5,0,175803.01289910518,0.515325561042142,0.45246556025124623,4.311942396606258,0.2833820903668897,5.444455184554553,0.4332036271581569,0.002968746419688628,0.0073741332485607524
random,wide,5,1,3.7343276542985278,0.38336888078551823,2.3851457164331215e-06,4.1532470135699375,0.3067250756211004,5.30995819535625,0.46927096690348435,0.05260223075873136,0.018290675903384665
random,wide,5,2,47.45247278567394,0.04875771072716806,2.0745617072200296e-06,3.2160678008720773,0.2748743476164945,4.141990408110711,0.44839292785806134,0.42445683042678295,0.03586992085932187
random,wide,5,3,9830713.411687968,0.23451020166982395,0.03686241474385825,1.8312430687590477,0.20444401703929532,2.474048750478133,0.33339888848859167,0.7945780170766549,0.02665558039525115
random,wide,5,4,82.13494488000003,0.8976776081085488,6.596344861970971,4.335261347808418,0.2872657474594526,5.467729096190134,0.430785910851923,-0.005674498421933505,0.007976954374451816
random,wide,5,5,396350.4343656133,0.4930230187317426,0.0005582550370621654,1.3325288416913335,0.03927027253684984,1.6809269284057304,0.08661032166227325,0.9025913617284436,0.023257779444720086
random,wide,5,6,12308.472692845762,0.5555961169207234,2.6645200385568756e-06,1.3566914597300612,0.12939598215263926,1.7947998526170479,0.16162317720022745,0.8910524015030784,0.014540256122039791
random,wide,5,7,2.7737316414144013,0.06421443731219101,1.4373357026170588,4.302720274434551,0.30751247430914735,5.486282908145089,0.4636289379698156,-0.011784940795758602,0.011809933495272441
random,wide,5,8,12960.859334188852,0.2273185251609081,1.2320249879708294,4.329621753382879,0.2891808217189596,5.466634947365167,0.43465588767105323,-0.0051749078896989875,0.006907680732252858
random,wide,5,9,1145603.032897483,0.01851721767021075,1.2745834533601514,4.328042658424612,0.2899132052384667,5.4665234453390354,0.4359205359133405,-0.005103129224863978,0.006652078208045609
random,wide,5,10,23305.590220456266,0.5033639655536645,1.01952477799565e-06,1.3751675534085515,0.1257987110374145,1.8136084526481373,0.16195444727722152,0.8888172243315327,0.014109480692438383
random,wide,5,11,85.1144837975751,0.32494264457560607,2.647096981461688e-05,1.7542400823557045,0.15675273363610728,2.275785695699436,0.25429978707195955,0.825999469016595,0.01749226506981732
random,wide,5,12,180276.027376113,0.1490385835335558,0.0001641211728314791,1.390423927978283,0.08143090438275298,1.898388952562184,0.38762127495185367,0.868301275713024,0.0780293730355417
random,wide,5,13,19346.745240271302,0.798939490963134,0.001379776377497506,1.2481076825520154,0.040540197151849984,1.5836763510545906,0.0593289381865286,0.9141888057435649,0.016158275531106048
random,wide,5,14,1.3171890623109632,0.7998795260549534,0.00017317794436406332,2.7161726332391454,0.24808396747458886,3.527999107868139,0.41426333393654075,0.5825774857863395,0.03541762983835627
random,wide,5,15,366.1113984230073,0.2361941283958635,0.0035050563946939554,1.232433190485905,0.04332660732175361,1.5882542221961087,0.0627715216344456,0.9137165034385648,0.015775751967645784
random,wide,5,16,0.013515325925254632,0.08582579108682997,3.408531419046605,4.303224826536236,0.3109534314720452,5.491522277173391,0.47072679001342965,-0.013575361594139324,0.013688878603404812
random,wide,5,17,402106.6109100809,0.9510229811957994,0.0003759803712560836,1.2996461518351266,0.06902896876275981,1.6476510484345872,0.1373914803484795,0.9060086405195757,0.027309058150076705
random,wide,5,18,39.339365794761754,0.5561597755338971,3.5899998703492035,4.332441087808007,0.2883747474030689,5.467162833851667,0.4328523997114975,-0.005414139404805995,0.007370538233940792
random,wide,5,19,1.4494991156504067,0.6743897148867628,0.15486443421025486,4.145671916878798,0.2961561022277112,5.320113329227842,0.4574303824785221,0.04873983587127264,0.01358381330024376
random,wide,5,20,14382.914920181496,0.2218885591644547,0.0017651049000691657,1.3075173723600635,0.03995036856749862,1.6705293318692287,0.05016491136259524,0.9046738990401486,0.015575968849029153
random,wide,5,21,5867.610449533367,0.6922222746448299,5.618578758369594e-06,1.3647988587379365,0.1284783249912199,1.79973334581562,0.16366684465240988,0.8904674286450887,0.014548376026127113
random,wide,5,22,5229.753256380951,0.7985233458061055,0.0004321033955711294,1.1953895485142525,0.07985000557646817,1.5131929541072213,0.11438774199138434,0.9212125279241337,0.01920936512737161
random,wide,5,23,0.5574799906213966,0.797933886097021,0.0005410188495877087,2.5980862059138685,0.2410721949502067,3.377583229062734,0.40797069761717775,0.6174706722552452,0.03501008125572972
random,wide,5,24,26.56307422316434,0.6125178041653119,0.09835694906038181,3.2246386942338736,0.2497031348534825,4.188492404174498,0.41884301733225426,0.410770968322742,0.03470560071763228
random,wide,5,25,2944481.1417846344,0.7236762546507963,8.744541011844245,4.333765325086965,0.2878186251304221,5.467425631226111,0.43185446064347066,-0.005535952645082887,0.007662481469448653
random,wide,5,26,190368.14643455957,0.7128902625665684,1.1750467943171163e-05,1.1893890481684646,0.10523274809095935,1.5698522382803604,0.12917886338204254,0.9157748154527408,0.017740411670316713
grid,narrow,0,0,1.0,0.0,1e-05,4.139998569425968,0.3070898225326177,5.29212142045362,0.47721991140999487,0.059130281989618026,0.021597055247717274
grid,narrow,0,1,1.0,0.0,0.0007071067811865475,2.133235895751675,0.2093446170040217,2.7838512774006823,0.3549480003878042,0.7400723477426514,0.029190660358291706
grid,narrow,0,2,1.0,0.0,0.049999999999999996,3.1804370167739813,0.29743248848233206,4.261686303308236,0.46880844611383893,0.3907409085599035,0.04235648839118008
grid,narrow,0,3,1.0,0.5,1e-05,4.137029454208564,0.30444946484529445,5.2869594446314565,0.46697173929079094,0.060789267080169386,0.01795338544931088
grid,narrow,0,4,1.0,0.5,0.0007071067811865475,2.139655575401039,0.20487605705340214,2.779635845155275,0.3548317638531413,0.7407896617871553,0.02979203738499512
grid,narrow,0,5,1.0,0.5,0.049999999999999996,3.2039667662661855,0.29274088008990456,4.276914077043583,0.4687842809070375,0.38637342659918533,0.04203791680655173
grid,narrow,0,6,1.0,1.0,1e-05,4.141379542312579,0.2965031841087921,5.272063022643315,0.4545470354928223,0.06585949434744495,0.014192404419065276
grid,narrow,0,7,1.0,1.0,0.0007071067811865475,2.172114193317976,0.203795311695652,2.8110916545534548,0.3512952314604232,0.734888992583275,0.028888623183770206
grid,narrow,0,8,1.0,1.0,0.049999999999999996,3.244151916888959,0.2900826504813201,4.300918070289486,0.46930449184014117,0.37944872354663256,0.041987578359998314
grid,narrow,0,9,223.60679774997897,0.0,1e-05,1.7510089139631275,0.1660191331970926,2.277784745951892,0.2716211759054094,0.8258279893787712,0.01872499001635067
grid,narrow,0,10,223.60679774997897,0.0,0.0007071067811865475,1.1341931775578158,0.10628635190353651,1.5333315824311677,0.14522095383264821,0.9197339455472482,0.016867137926886006
grid,narrow,0,11,223.60679774997897,0.0,0.049999999999999996,2.107536298492139,0.24061894667613518,2.848858703597278,0.37980720337840457,0.7277132993686994,0.03364867918571506
grid,narrow,0,12,223.60679774997897,0.5,1e-05,1.768201442880347,0.15444977574470378,2.291083498322208,0.25196062930527446,0.823631483007999,0.01732214790447323
grid,narrow,0,13,223.60679774997897,0.5,0.0007071067811865475,1.1382334187515688,0.0993068043568418,1.5224014016214533,0.12444767529464038,0.9213860971747575,0.011961111648643887
grid,narrow,0,14,223.60679774997897,0.5,0.049999999999999996,2.201815492356478,0.253482036668097,2.940717293780641,0.3897277802330143,0.7097916964376144,0.036076201547928594
grid,narrow,0,15,223.60679774997897,1.0,1e-05,1.7915139819396937,0.154524935530103,2.312129596579708,0.2521101248095253,0.8204337895039847,0.016161238917052102
grid,narrow,0,16,223.60679774997897,1.0,0.0007071067811865475,1.1890605785794128,0.11232128432767832,1.5553992043325366,0.12403364407964645,0.9175473221975199,0.015897490047728426
grid,narrow,0,17,223.60679774997897,1.0,0.049999999999999996,2.3267296984265107,0.25904285938603044,3.060091049545958,0.3926017886388391,0.6856606777501918,0.03726312721142946
grid,narrow,0,18,49999.99999999999,0.0,1e-05,1.230506535033706,0.08641002011507014,1.6620405258103919,0.12202497643372513,0.9058017722804387,0.017254966984237136
grid,narrow,0,19,49999.99999999999,0.0,0.0007071067811865475,1.4613841559131941,0.038370796244666806,1.8626765496079662,0.066198334840884,0.8805391798774849,0.025868093524907446
grid,narrow,0,20,49999.99999999999,0.0,0.049999999999999996,2.107536298492139,0.24061894667613518,2.848858703597278,0.37980720337840457,0.7277132993686994,0.03364867918571506
grid,narrow,0,21,49999.99999999999,0.5,1e-05,1.2327222455399314,0.1025377379605854,1.6480487164097017,0.13742667938670336,0.907555814746206,0.01651476342962844
grid,narrow,0,22,49999.99999999999,0.5,0.0007071067811865475,1.3095255305072988,0.022793874794977312,1.6505436904992927,0.053430735094953975,0.9066196775897758,0.017966750157108594
grid,narrow,0,23,49999.99999999999,0.5,0.049999999999999996,2.201815492356478,0.253482036668097,2.940717293780641,0.3897277802330143,0.7097916964376144,0.036076201547928594
grid,narrow,0,24,49999.99999999999,1.0,1e-05,1.2702685518857597,0.09440765525926623,1.6736295667657664,0.13097341659868394,0.9048884080336432,0.014828957303525002
grid,narrow,0,25,49999.99999999999,1.0,0.0007071067811865475,1.264966083007868,0.038933127303913274,1.5839494362848796,0.07291184647470147,0.9141986593848005,0.016263413604426655
grid,narrow,0,26,49999.99999999999,1.0,0.049999999999999996,2.3267296984265107,0.25904285938603044,3.060091049545958,0.3926017886388391,0.6856606777501918,0.03726312721142946
llm,narrow,0,0,1,0.02,1e-05,4.140279275577525,0.30732163620386915,5.292982233122439,0.4771691246197896,0.05882087063846582,0.021663513442670056
llm,narrow,0,1,1,0.2,1e-05,4.1380922982259944,0.30663940800707146,5.29146658732912,0.47250436866360573,0.0592803599099339,0.01998446793487063
llm,narrow,0,2,1,0.7,1e-05,4.138511147121865,0.300652364797233,5.278310840996359,0.4621655531653457,0.06377992621263515,0.016530566685979915
llm,narrow,0,3,1,0.02,0.007,1.716350895954863,0.19500034566921967,2.269697406506438,0.33915973176218916,0.826999959001394,0.028062600527226766
llm,narrow,0,4,1,0.2,0.007,1.716744876200989,0.19200812848563473,2.270940516146359,0.33883512026422485,0.8268047400424449,0.028066601730115354
llm,narrow,0,5,1,0.7,0.007,1.7496711092787005,0.1969810758281578,2.3040284406241773,0.3452107371211731,0.8217067768093578,0.029136417967938408
llm,narrow,0,6,1,0.02,0.05,3.1809603644242452,0.29741509103516794,4.262037067007298,0.4689702660220943,0.3906433354349474,0.04236087246330591
llm,narrow,0,7,1,0.2,0.05,3.1870378315876438,0.295799234761129,4.266064490642863,0.4688679922274486,0.3894969526988743,0.042071256382462195
llm,narrow,0,8,1,0.7,0.05,3.2199910676578845,0.28894652556277306,4.286199950016281,0.4686366127713612,0.38370073181665304,0.04177421053486393
llm,narrow,0,9,200,0.02,1e-05,1.7814262508286554,0.1718782666691752,2.3222209738552815,0.28612430340694267,0.8190281332606858,0.020248271095178773
llm,narrow,0,10,200,0.2,1e-05,1.7829723005293565,0.16814594859542115,2.3178097809753444,0.2735510273880577,0.8195960265555848,0.01965032246218884
llm,narrow,0,11,200,0.7,1e-05,1.8037702005030725,0.15995397079310386,2.3355293889547317,0.258274299479659,0.8167682118228704,0.017524833656824126
llm,narrow,0,12,200,0.02,0.007,1.2724909256893575,0.07798848798182921,1.651705921796196,0.07265594785759392,0.9075522596027884,0.009367766826563387
llm,narrow,0,13,200,0.2,0.007,1.2406597999348983,0.06672236443098695,1.6184537383246593,0.06441278324816295,0.9110952700696554,0.010533265051483843
llm,narrow,0,14,200,0.7,0.007,1.239467750354012,0.0543511888147942,1.613061392058641,0.06875113114166875,0.9113808508282553,0.013965024857324381
llm,narrow,0,15,200,0.02,0.05,2.110468442690044,0.24132778381232542,2.851992642998439,0.3802481279754706,0.7271093107237278,0.03376742762711217
llm,narrow,0,16,200,0.2,0.05,2.140227140632948,0.24759998087227073,2.8821140878031017,0.3848640782224192,0.7212872013279134,0.03483889399668139
llm,narrow,0,17,200,0.7,0.05,2.24883950929821,0.2562997916905776,2.9852194999038204,0.39164280808410284,0.7009057161413188,0.03669964783677071
llm,narrow,0,18,50000,0.02,1e-05,1.22921840527657,0.0859256835534847,1.6590174762652428,0.12062238081321205,0.9061460575169245,0.01709827087515083
llm,narrow,0,19,50000,0.2,1e-05,1.226281683225339,0.09251133443171036,1.6544659705148006,0.12679987766425566,0.9067729552425436,0.01645701063573013
llm,narrow,0,20,50000,0.7,1e-05,1.249482253445991,0.10435221988224602,1.6571481696633121,0.13362719132082498,0.9065571836726489,0.016363058148952867
llm,narrow,0,21,50000,0.02,0.007,1.2709785800207576,0.08241459774738158,1.6489337762290692,0.07695157120585165,0.9078912205615917,0.009200819433538584
llm,narrow,0,22,50000,0.2,0.007,1.2402696910223505,0.07013374318967779,1.6165202597965347,0.06754098907731426,0.911321571838072,0.010494181174961134
llm,narrow,0,23,50000,0.7,0.007,1.239467750354012,0.0543511888147942,1.613061392058641,0.06875113114166875,0.9113808508282553,0.013965024857324381
llm,narrow,0,24,50000,0.02,0.05,2.110468442690044,0.24132778381232542,2.851992642998439,0.3802481279754706,0.7271093107237278,0.03376742762711217
llm,narrow,0,25,50000,0.2,0.05,2.140227140632948,0.24759998087227073,2.8821140878031017,0.3848640782224192,0.7212872013279134,0.03483889399668139
llm,narrow,0,26,50000,0.7,0.05,2.24883950929821,0.2562997916905776,2.9852194999038204,0.39164280808410284,0.7009057161413188,0.03669964783677071
llm,wide,0,0,3,0.05,0.0015,1.5561815624918212,0.1433370852219361,2.031932838851712,0.21753707868068506,0.8611629733885255,0.013472660487770292
llm,wide,0,1,3,0.15,0.0015,1.5576191807553952,0.14378383645683007,2.033517457508323,0.22342924221383118,0.8609975977980262,0.013649975000696004
llm,wide,0,2,3,0.4,0.0015,1.555398340149293,0.14509846112351057,2.030443874386395,0.22608676465493677,0.8614483011027796,0.013578255631901508
llm,wide,0,3,3,0.05,0.006,1.4032451681007063,0.14735028381459211,1.8792299739226515,0.26121593680558886,0.8811003046006218,0.01925132326589346
llm,wide,0,4,3,0.15,0.006,1.400201393232403,0.1453639388392453,1.8774351734008232,0.2608648308113177,0.88134412502113,0.019083793912832735
llm,wide,0,5,3,0.4,0.006,1.3841952701009186,0.13980504203301228,1.8533361776247599,0.2514214079639962,0.8844187924865998,0.017603438232941936
llm,wide,0,6,3,0.05,0.025,1.7420551313339403,0.21475049259515672,2.3886074447009777,0.4024291793307072,0.8086101905880362,0.03612128696696891
llm,wide,0,7,3,0.15,0.025,1.7472658963322147,0.2139982499825535,2.3913627481017508,0.40342118107228137,0.8081718678389855,0.03628093601190593
llm,wide,0,8,3,0.4,0.025,1.7682943052565918,0.21413158865084386,2.40861969215982,0.4030785244852841,0.8053823478063574,0.03638938180094131
llm,wide,0,9,30,0.05,0.0015,1.1856570230958916,0.10581594173720814,1.5983944907443977,0.1589413789973455,0.9133111862434277,0.014960931655695132
llm,wide,0,10,30,0.15,0.0015,1.186410299404589,0.10343315980096189,1.599633519290408,0.15756464461274897,0.9132088375764399,0.01464184151535289
llm,wide,0,11,30,0.4,0.0015,1.1927904386753672,0.11129490767552745,1.6091777985229168,0.1548684935536899,0.9122911673635631,0.01359270753206407
llm,wide,0,12,30,0.05,0.006,1.1854265741819892,0.10265942958667608,1.5692703506897203,0.12366619432113558,0.9167778923743173,0.00928001075474059
llm,wide,0,13,30,0.15,0.006,1.188222848213337,0.10064532406103886,1.5713735739113754,0.1249907885584312,0.9164977212832616,0.010107481327857264
llm,wide,0,14,30,0.4,0.006,1.20141434503932,0.08752156408104957,1.5831498412747276,0.1157164733138089,0.9151518147748435,0.010632355908581591
llm,wide,0,15,30,0.05,0.025,1.5348812743087068,0.13393371998130849,2.0707815547981956,0.23505418621986343,0.8559771386401994,0.013365447742685544
llm,wide,0,16,30,0.15,0.025,1.5421659970850812,0.13690803737773716,2.079301457951064,0.2380968692565811,0.854793795957633,0.013754674374038729
llm,wide,0,17,30,0.4,0.025,1.5728053885726654,0.14733518374350615,2.1126381349276158,0.24889122157752291,0.8501114010646644,0.015154160615919504
llm,wide,0,18,300,0.05,0.0015,1.1235108948772548,0.09833532405380876,1.4856331800000402,0.10882096805094116,0.9247763869098977,0.013857624963435261
llm,wide,0,19,300,0.15,0.0015,1.120703055889763,0.09817203534705206,1.4798286167918486,0.10805715681982049,0.925443342890514,0.013105568767153962
llm,wide,0,20,300,0.4,0.0015,1.1388726120972963,0.09549264484428413,1.489711769943776,0.1073398769125951,0.924270253401815,0.014848656019071108
llm,wide,0,21,300,0.05,0.006,1.2722970026424043,0.07296713907214832,1.645044915122733,0.06721862790104786,0.9082142475706914,0.01003769247269217
llm,wide,0,22,300,0.15,0.006,1.251236040117754,0.06763588987236543,1.6231891253078703,0.0633431552354328,0.9105433468704887,0.010817000086190685
llm,wide,0,23,300,0.4,0.006,1.2230758908770492,0.05738231133455812,1.5960169773011643,0.05787592921108287,0.9133249342741445,0.012403018466758571
llm,wide,0,24,300,0.05,0.025,1.5340168637239788,0.13508673450664058,2.070044001367775,0.2357300919839382,0.8560780998083466,0.013500599789238307
llm,wide,0,25,300,0.15,0.025,1.5413470833344096,0.13797409451657613,2.078714662074215,0.23866022941227713,0.8548744229982791,0.013865769240237427
llm,wide,0,26,300,0.4,0.025,1.5722200853206183,0.14799608845071888,2.112303705783544,0.2492299533191618,0.8501582114424627,0.015216855416870971
bayesian,narrow,1,0,91.11164572353077,0.00011437481734488664,0.004618050679297642,1.1847474532023543,0.08466665381827408,1.5496310248150802,0.09771234151843607,0.9182993534816619,0.01342360951031551
bayesian,narrow,1,1,26.34217861135166,0.0923385947687978,3.490162420887713e-05,2.0200151157266477,0.19755668698939793,2.6403897276906823,0.32494666490839214,0.7660006336175854,0.0263744505081494
bayesian,narrow,1,2,7.502934347162998,0.39676747423066994,0.00018976615757974562,1.8720114841379023,0.17814058582334874,2.431208283435375,0.3003469761775395,0.801634340514094,0.02229182808301977
bayesian,narrow,1,3,340.3170209860034,0.6852195003967595,0.00035529405016824887,1.1939207285121178,0.0966627154092767,1.5848817201451049,0.12864294091201955,0.9148172343932159,0.012568843822439283
bayesian,narrow,1,4,9.135135400100703,0.027387593197926163,0.01770639129481085,1.418512158013574,0.1384937451431345,1.904662576034547,0.2578416804196624,0.8781990392884534,0.016399135232711467
bayesian,narrow,1,5,1414.186604564138,0.5586898284457517,0.0003496213509614208,1.121801848446526,0.11054488930338303,1.4835793163008257,0.11916062822118864,0.9250328987191014,0.014010671633885433
bayesian,narrow,1,6,4.567452225832849,0.8007445686755367,5.404698425368997e-05,2.6561988743293186,0.2447580777493586,3.452931664099779,0.40944483514421104,0.6001605890038049,0.03506646211578169
bayesian,narrow,1,7,35467.6243993348,0.6923226156693141,0.00014432668403580536,1.1863630947046537,0.10475818037844536,1.5281250598146865,0.16643275190685017,0.9187406127527915,0.02698662638558666
bayesian,narrow,1,8,13125.816810513645,0.08504421136977791,0.02037620090275351,1.4459230904293456,0.10808649449841307,1.927712794438126,0.19075729122331891,0.8750627549225918,0.0090428176835003
bayesian,narrow,1,9,1.5258690178457432,0.8781425034294131,4.248128330921891e-05,3.489196001016053,0.2848829449295385,4.484099753902943,0.4574928083535676,0.3252035715969246,0.0327395915902517
bayesian,narrow,1,10,376.49862059243856,0.7864114862460281,0.05,2.270666487536445,0.25739748868189327,3.0058234432603164,0.3922321109312207,0.6967474933833835,0.036924064770002915
bayesian,narrow,1,11,13956.64932414942,0.0,0.0003996640100769823,1.2111067198265255,0.09223581707477808,1.599729569084404,0.1933608673034221,0.910355625201448,0.034274311059799105
bayesian,narrow,1,12,9925.209180013706,1.0,1e-05,1.3184255451635545,0.10518692700598661,1.7371056865720873,0.13260516878598425,0.8976862015334006,0.014374599019189452
bayesian,narrow,1,13,371.85516464165755,0.0,0.0006575987428530462,1.1267548714306008,0.10929031662142535,1.5191838569843015,0.1461844445706057,0.9210090348495406,0.017974465280124922
bayesian,narrow,1,14,50000.0,1.0,0.002110292503825455,1.2212032455343884,0.06172534430619424,1.5673275818907597,0.09394833449172385,0.9156518115870519,0.019447027192485027
bayesian,narrow,1,15,48.77997397021351,0.0,0.0013295536567613049,1.1608137570789385,0.1012270659926574,1.5690126930945663,0.14841727295298462,0.9163597801799839,0.014855370211048916
bayesian,narrow,1,16,6903.131040490146,1.0,0.0002334741080576819,1.1753052383767681,0.10323947534013923,1.497719828324097,0.117354230790688,0.9230015157578565,0.018219926980471094
bayesian,narrow,1,17,50000.0,0.0,1e-05,1.2304787692547834,0.08641210618977105,1.6620366061123004,0.12202010218169212,0.9058023369421775,0.017254130581411786
bayesian,narrow,1,18,2188.5714726980204,0.0,8.958087299673013e-05,1.2019376856987172,0.08942951017604299,1.6283401404920876,0.13664316345535124,0.9097667510852272,0.01607066092969735
bayesian,narrow,1,19,50000.0,0.0,0.0030060343848639175,1.3391243394455203,0.05328595947553675,1.724287803224679,0.04485692979889495,0.8987400779854413,0.014221498427791282
bayesian,narrow,1,20,1694.6842135938061,0.0,0.0007083404941089058,1.1403083329547548,0.09886775899947534,1.4992975278366825,0.11489544694741735,0.9230418899209395,0.01684708048841204
bayesian,narrow,1,21,50000.0,0.9999999999999999,1e-05,1.2702757956103126,0.09439015353152318,1.673640929259322,0.13094522190117594,0.9048870751564682,0.014827831162510274
bayesian,narrow,1,22,50000.0,1.0,0.05,2.3267296984265107,0.2590428593860305,3.060091049545958,0.3926017886388393,0.6856606777501918,0.037263127211429506
bayesian,narrow,1,23,9300.7881736954,0.6152504901482511,0.000831595394733893,1.2736062389161098,0.019084538577959987,1.5989993782647676,0.04822345277264196,0.9125453934480838,0.015412017922027118
bayesian,narrow,1,24,50000.0,1.0,0.00032640774543293496,1.2998049143643526,0.07349851415844412,1.647402035549605,0.14835707926280356,0.9060709212599993,0.028002673848984735
bayesian,narrow,1,25,341.76025103579195,0.0,0.0014423743088268683,1.1279556631741425,0.09426156049873803,1.4894205659105737,0.10377880780582482,0.9244059771173202,0.013579204917760669
bayesian,narrow,1,26,3113.2420035118867,0.6409175792833658,9.460584996235036e-05,1.1965946039663078,0.09075131586828306,1.5906088372916967,0.12535398168141035,0.9140112295960933,0.014097461477116947
bayesian_llm_init,narrow,1,0,1.0,0.667,0.000171,2.8832690359659896,0.2600453974761921,3.738268897117417,0.42951015563355593,0.5313303617121997,0.0365237438871965
bayesian_llm_init,narrow,1,1,3.33,0.778,0.000441,1.8786264075848778,0.16255509023297296,2.4293825785982217,0.2800722823277278,0.8018322704390922,0.0196803833421147
bayesian_llm_init,narrow,1,2,11.07,0.889,0.001135,1.3755431125897197,0.12288293676873895,1.8081297352342607,0.18306768687515967,0.8897218750852298,0.013378665173060519
bayesian_llm_init,narrow,1,3,36.9,1.0,0.002924,1.2064563032674365,0.1055339952927928,1.5714211877726372,0.12414008615972033,0.9158624706232017,0.01626278736603969
bayesian_llm_init,narrow,1,4,122.8,0.0,0.007531,1.2737684452405227,0.07165193419142538,1.655205296379877,0.07367199020133688,0.9071693379429489,0.009341298601181821
bayesian_llm_init,narrow,1,5,408.1,0.111,0.01941,1.4286407646762662,0.10322142176254108,1.8990731244926677,0.18060545882855322,0.8787103447685409,0.008228190081307166
bayesian_llm_init,narrow,1,6,1358.0,0.222,0.05,2.1444401741666965,0.2482024221276846,2.8860707103605523,0.38540366727179826,0.7205190269407713,0.03495697484179061
bayesian_llm_init,narrow,1,7,4529.0,0.333,1e-05,1.3327172281546713,0.12473025276951755,1.76775795921758,0.15731130385253164,0.8941181303905266,0.015731331438106275
bayesian_llm_init,narrow,1,8,15070.0,0.444,2.58e-05,1.208895069009317,0.09851636565130878,1.6212682482332474,0.1363327946474892,0.9105976538146894,0.01559877720621491
bayesian_llm_init,narrow,1,9,50000.0,0.556,6.64e-05,1.1307124745639365,0.11984394393226387,1.5005527415032867,0.15825290808472667,0.9222146414299182,0.02345792551098841
bayesian_llm_init,narrow,1,10,1992.5020279477187,1.0,0.00044319828997942286,1.1734115514062586,0.0991010118323255,1.4993249165198594,0.1077198627493389,0.923005663082001,0.016885379169263883
bayesian_llm_init,narrow,1,11,31918.746494148916,0.0,0.0005512692839406079,1.4035096604850674,0.0513588650536142,1.7857059514377795,0.07446961786108565,0.8902959550714955,0.023719618327860764
bayesian_llm_init,narrow,1,12,205.20722012681233,1.0,0.00025082004181391476,1.2790980300386763,0.09935999902549988,1.689174742965114,0.13554193301850256,0.9033178680359489,0.01346503882071083
bayesian_llm_init,narrow,1,13,1.0,1.0,0.029511396797825235,2.5364795721227393,0.2930800106435705,3.376893633790394,0.46814085286522994,0.6177136509202319,0.04932222711045066
bayesian_llm_init,narrow,1,14,427.8500557734964,1.0,0.0021313111155635725,1.2111714723669649,0.06177913166013888,1.5450168321103197,0.09773630093184539,0.9179410889945556,0.019681298478962966
bayesian_llm_init,narrow,1,15,11638.261479917013,1.0,1e-05,1.3165500419542426,0.10170334833907485,1.7340307529458858,0.131902334032186,0.8980414986845586,0.014375133319726199
bayesian_llm_init,narrow,1,16,50000.0,0.0,1e-05,1.2304787692547834,0.08641210618977105,1.6620366061123004,0.12202010218169212,0.9058023369421775,0.017254130581411786
bayesian_llm_init,narrow,1,17,69.53736051214447,1.0,0.05,2.3267296984265107,0.2590428593860305,3.060091049545958,0.3926017886388393,0.6856606777501918,0.037263127211429506
bayesian_llm_init,narrow,1,18,8814.835907062252,1.0,0.00012535250818885925,1.1720965868073843,0.10625527590100753,1.5144594120765267,0.1183763327430393,0.921623280505802,0.016309590232488378
bayesian_llm_init,narrow,1,19,50000.0,0.0,0.0064240588369715995,1.2799844853523685,0.08104014911808988,1.6555155173908425,0.07565971360708415,0.9071336628711478,0.009411768481815378
bayesian_llm_init,narrow,1,20,1790.2056343805136,1.0,0.007129617926619415,1.268468147742831,0.060322488381960526,1.6365292228405923,0.0804830221997918,0.9087240687423466,0.015398269544294225
bayesian_llm_init,narrow,1,21,50000.0,1.0,4.649289234191109e-05,1.1850039746629344,0.11211042637807928,1.5314860296406958,0.1321986635404989,0.9195469360171348,0.019180817035195665
bayesian_llm_init,narrow,1,22,50000.0,0.0,5.5057349608368736e-05,1.1510677455447706,0.13114802880730644,1.6382322977174102,0.36535845085258434,0.9017527730614656,0.060736823197754655
bayesian_llm_init,narrow,1,23,419.84045073270255,0.0,0.0005548496909572661,1.1304915409662313,0.11133486633559844,1.5296752105447606,0.15127218240556606,0.9197788174778679,0.019236856464477887
bayesian_llm_init,narrow,1,24,2121.8332140250477,0.0,0.00021791509067966216,1.1396391027234294,0.1178495442332586,1.5610285750256345,0.191750331500937,0.9152298212088154,0.02868034854083317
bayesian_llm_init,narrow,1,25,11280.99760746052,0.0,8.94943087798813e-05,1.1431335410064785,0.1150063465515414,1.5888109808656963,0.24302218658405775,0.9108287441306256,0.038566772842003896
bayesian_llm_init,narrow,1,26,145.9501732942894,0.0,0.001832492291088747,1.1305682853454813,0.10292753357776362,1.5024354211152673,0.12079920206477551,0.9230373259835567,0.014883772039859288
bayesian,narrow,2,0,111.87343350529036,0.5496624778787091,1.247097342755767e-05,1.8946123577303688,0.17779098733218118,2.461010872171129,0.2910641929561699,0.7966900553049205,0.021049191343450725
bayesian,narrow,2,1,111.06235167100911,0.3303348210038741,0.0003588623449925769,1.2528535948847084,0.11361970340611767,1.671791680917305,0.1563572690732909,0.905365563715389,0.014002827026290708
bayesian,narrow,2,2,9.154566689185758,0.29965467367452314,0.0019528313078509085,1.290507348265041,0.124026931823666,1.7209755163640974,0.18044383763826843,0.8999505123736837,0.014103937831529174
bayesian,narrow,2,3,17.939625061788004,0.5291420942770391,0.0019840628076292855,1.2189532294134626,0.11668757272754797,1.6390621250673483,0.1675611514847976,0.9091359112080977,0.013548156602848218
bayesian,narrow,2,4,4.289306951662042,0.18443986564691528,0.00079379811897409,1.6078605741931873,0.1400543543634012,2.0912377895976166,0.21947291799851737,0.852949183215663,0.01378793255443383
bayesian,narrow,2,5,4900.792365796865,0.4942368373819278,0.014415476150136577,1.3549915346028034,0.07064093842532342,1.7792747924225267,0.12873892200821072,0.8931948242643145,0.007947681606543675
bayesian,narrow,2,6,9505.326224481954,0.505246090121704,1.9706351747404865e-05,1.262214266295431,0.11031498415024321,1.683480218674934,0.1437092583024958,0.9036508484499601,0.016644170015701523
bayesian,narrow,2,7,2.0266526728253216,0.09653091566061256,0.0003833642826200497,2.0769076658466563,0.19967458558779644,2.715642604746612,0.33917101129469374,0.7525448507463035,0.027798650064630556
bayesian,narrow,2,8,3.958411072624855,0.22601200060423587,0.001611918197217769,1.4744888899000406,0.13772553465518123,1.9363812694642675,0.21166913157583422,0.8738732592691303,0.01314626813757382
bayesian,narrow,2,9,3.180786816337923,0.34982628500329926,6.529892801786387e-05,2.7445587106846543,0.2590136308316065,3.5668576119680226,0.4269129012422028,0.5733829001939943,0.037967503612181354
bayesian,narrow,2,10,350.2127428950717,0.0,0.0015391877488228484,1.1312753905244792,0.09175146960659862,1.4882135840458655,0.10070342631214779,0.9245173418453977,0.013515993751316789
bayesian,narrow,2,11,10067.408938814668,1.0,0.00037674577695915104,1.2336560159683216,0.07754896468589319,1.5416402615907452,0.12069946720378914,0.9180788553146852,0.020835237038465414
bayesian,narrow,2,12,41.8590144784358,0.0,0.04999999999999994,2.107536298492137,0.24061894667613512,2.848858703597274,0.37980720337840407,0.7277132993687,0.03364867918571502
bayesian,narrow,2,13,50000.0,0.0,0.001200882400052487,1.4350449278785242,0.04222491702502325,1.8270605879240935,0.047706662299961386,0.885441969849527,0.022132325735697667
bayesian,narrow,2,14,487.3254920484465,1.0,0.001167362373827753,1.187593594441488,0.0801746472975529,1.5156914218695834,0.09522869400705156,0.9212952011410893,0.016926080424482088
bayesian,narrow,2,15,91.80385157945626,0.0,0.00126636273210673,1.1387813638122615,0.10015766096699337,1.5367287395309095,0.14379643294730324,0.9195961291845398,0.015387992163062187
bayesian,narrow,2,16,1958.6643273943416,0.0,0.00024612322985791493,1.1386570974798442,0.1201265255369277,1.5581756335830388,0.19718828238351946,0.9154044501597829,0.02955687973374579
bayesian,narrow,2,17,614.5700485265263,0.0,0.000625500970259011,1.1240337943358052,0.11027450898339368,1.5063134162224205,0.14520437398869096,0.9222075899859072,0.01863037984124098
bayesian,narrow,2,18,50000.0,1.0,0.05,2.3267296984265107,0.2590428593860305,3.060091049545958,0.3926017886388393,0.6856606777501918,0.037263127211429506
bayesian,narrow,2,19,2475.081075063372,0.0,0.00333251517973512,1.3287099116560188,0.05775400814687058,1.7119903665243785,0.04902607325397297,0.9002713230119976,0.01329732936235105
bayesian,narrow,2,20,501.2989167077592,0.4696296347657702,0.0016425134597759937,1.1882332975848204,0.07023233021698712,1.5147639843440617,0.10233465639094323,0.9213038458500332,0.01776205472398528
bayesian,narrow,2,21,50000.0,0.0,7.76067993615678e-05,1.1573485849054683,0.13955929008278092,1.6456733375860757,0.4129262529370851,0.8991662161379734,0.07023928743233605
bayesian,narrow,2,22,50000.0,0.0,1e-05,1.2304787692547834,0.08641210618977105,1.6620366061123004,0.12202010218169212,0.9058023369421775,0.017254130581411786
bayesian,narrow,2,23,50000.0,1.0,4.6113671623973684e-05,1.1831776284519644,0.10929626711649383,1.5276321578732355,0.12882750594288137,0.9200249797301211,0.01847850854973764
bayesian,narrow,2,24,177.29997285412333,1.0,0.005616502083980719,1.2409282501633707,0.06290678328424694,1.6058926029637544,0.08112178291602846,0.9119018034874389,0.01664073602355623
bayesian,narrow,2,25,4678.872652804321,1.0,0.00011657472889937543,1.1872147667945092,0.10102160884343726,1.5487309469413848,0.11761505037944214,0.9183385691669439,0.01448587988727869
bayesian,narrow,2,26,266.848049563456,0.0,0.0008359988546320628,1.12347761341715,0.10700278356506722,1.51171581737715,0.14108468301164068,0.9219896381879437,0.01623295377128623
bayesian_llm_init,narrow,2,0,1.0,0.667,0.000171,2.8832690359659896,0.2600453974761921,3.738268897117417,0.42951015563355593,0.5313303617121997,0.0365237438871965
bayesian_llm_init,narrow,2,1,3.33,0.778,0.000441,1.8786264075848778,0.16255509023297296,2.4293825785982217,0.2800722823277278,0.8018322704390922,0.0196803833421147
bayesian_llm_init,narrow,2,2,11.07,0.889,0.001135,1.3755431125897197,0.12288293676873895,1.8081297352342607,0.18306768687515967,0.8897218750852298,0.013378665173060519
bayesian_llm_init,narrow,2,3,36.9,1.0,0.002924,1.2064563032674365,0.1055339952927928,1.5714211877726372,0.12414008615972033,0.9158624706232017,0.01626278736603969
bayesian_llm_init,narrow,2,4,122.8,0.0,0.007531,1.2737684452405227,0.07165193419142538,1.655205296379877,0.07367199020133688,0.9071693379429489,0.009341298601181821
bayesian_llm_init,narrow,2,5,408.1,0.111,0.01941,1.4286407646762662,0.10322142176254108,1.8990731244926677,0.18060545882855322,0.8787103447685409,0.008228190081307166
bayesian_llm_init,narrow,2,6,1358.0,0.222,0.05,2.1444401741666965,0.2482024221276846,2.8860707103605523,0.38540366727179826,0.7205190269407713,0.03495697484179061
bayesian_llm_init,narrow,2,7,4529.0,0.333,1e-05,1.3327172281546713,0.12473025276951755,1.76775795921758,0.15731130385253164,0.8941181303905266,0.015731331438106275
bayesian_llm_init,narrow,2,8,15070.0,0.444,2.58e-05,1.208895069009317,0.09851636565130878,1.6212682482332474,0.1363327946474892,0.9105976538146894,0.01559877720621491
bayesian_llm_init,narrow,2,9,50000.0,0.556,6.64e-05,1.1307124745639365,0.11984394393226387,1.5005527415032867,0.15825290808472667,0.9222146414299182,0.02345792551098841
bayesian_llm_init,narrow,2,10,1994.187417048101,1.0,0.00044338717582813905,1.1733771526495087,0.09908390951064995,1.4991997578735743,0.10770425203089327,0.923018708529999,0.016882027557594013
bayesian_llm_init,narrow,2,11,32771.431086115466,0.0,0.000552532131202454,1.3943958288745724,0.060588615191879545,1.7821045006909557,0.1077687020100473,0.8901053467125178,0.028359884440954664
bayesian_llm_init,narrow,2,12,204.96478133694765,1.0,0.0002526655359542825,1.2788562867722049,0.09923148518013221,1.6887920911059446,0.13540635000240278,0.9033580584898846,0.013487545218553222
bayesian_llm_init,narrow,2,13,1.0,1.0,0.02982821407732886,2.5483589406684715,0.2937619411287825,3.3928669792207566,0.4685912070135423,0.6140853027016668,0.04942503946931568
bayesian_llm_init,narrow,2,14,437.9094250275697,1.0,0.002148001556160221,1.212040680725995,0.06107738518230225,1.5463186238852074,0.097191439154808,0.9178051530705451,0.01968056941490479
bayesian_llm_init,narrow,2,15,10817.076670327819,0.9999999999999999,1e-05,1.3173244585115893,0.10288760258325184,1.7354060267198252,0.13159220240012673,0.8978858928857539,0.014303661084331532
bayesian_llm_init,narrow,2,16,50000.0,0.0,1e-05,1.2304787692547834,0.08641210618977105,1.6620366061123004,0.12202010218169212,0.9058023369421775,0.017254130581411786
bayesian_llm_init,narrow,2,17,70.06126807077419,1.0,0.05,2.3267296984265107,0.2590428593860305,3.060091049545958,0.3926017886388393,0.6856606777501918,0.037263127211429506
bayesian_llm_init,narrow,2,18,8905.107462384081,1.0,0.00012608862418004562,1.1715986944260757,0.10548081752706698,1.5136928890652093,0.11753931575989988,0.9216994323236234,0.016282762804463634
bayesian_llm_init,narrow,2,19,12398.957843829692,0.0,0.00652907101146776,1.2790903348828369,0.08151032423877867,1.6550141801449496,0.076174337573242,0.9071969334629346,0.009350738433651282
bayesian_llm_init,narrow,2,20,14486.06341338264,0.0,9.269080795443978e-05,1.1457523098473943,0.12271084364318482,1.6045704477315126,0.28895791344373795,0.9078492685034248,0.04671018816508915
bayesian_llm_init,narrow,2,21,993.8334066578323,1.0,0.007178099488284368,1.2694496337762604,0.06027811752950939,1.6377745004344415,0.08051571822436918,0.9085906278845226,0.015371616120651542
bayesian_llm_init,narrow,2,22,50000.0,0.0,4.794567585673952e-05,1.1457052925040798,0.12809322030440995,1.6305835768589918,0.35029878134683534,0.9030753562408422,0.05802661699657634
bayesian_llm_init,narrow,2,23,400.3149438095445,0.0,0.0006030464699485319,1.128986719808633,0.10970331880629465,1.5245685458801106,0.14890046910061933,0.9203637938100921,0.01872740546633252
bayesian_llm_init,narrow,2,24,1428.3097225037284,0.0,0.00028041894433566316,1.137416570409377,0.11915663281404905,1.552268359301619,0.18257887491358132,0.9164242043726297,0.026700080308806357
bayesian_llm_init,narrow,2,25,146.31780058509827,0.0,0.0018294201817939226,1.1305399106769654,0.10294414714429337,1.502373748469151,0.12078967739139182,0.9230437893895089,0.014880779535122433
bayesian_llm_init,narrow,2,26,49999.99999999992,1.0,4.458219211265191e-05,1.1853939288953375,0.11212618567176433,1.5298598557822864,0.1302208934117974,0.9198043224995404,0.0184927842695376
bayesian,narrow,3,0,387.42070104049196,0.2909047389129443,0.004163106820279628,1.243629296503407,0.04692625662517401,1.6078523425128755,0.05536517626130009,0.9117936632955528,0.014385443692789204
bayesian,narrow,3,1,251.3990279986827,0.8962930889334381,0.020090187943849203,1.5439463702926448,0.12049852851306966,2.0411950908368515,0.21626971328486477,0.8598324007614219,0.0136160669930759
bayesian,narrow,3,2,3.8915409682941253,0.05146720330082988,5.8423179693322064e-05,2.6857841503333306,0.2506041767493192,3.4955192474344345,0.4206454612245596,0.5902354265075738,0.03769089375099393
bayesian,narrow,3,3,117.85614538993764,0.4568332243947111,1.2897668426168225e-05,1.8674448820982217,0.1764144138666157,2.424807848931759,0.2878645686588954,0.8025975859701162,0.02110786063344257
bayesian,narrow,3,4,1122.815523208777,0.6762549019801313,0.0001071805805519764,1.2412324786761892,0.10740752099340006,1.6507113590753584,0.14158703147575968,0.907576679923326,0.014266142410009862
bayesian,narrow,3,5,597.6496310247026,0.558854087990882,1.2266149782149244e-05,1.5227812327727752,0.13259994980880885,1.977564774384178,0.188204252922327,0.8683199604597487,0.012014018911147142
bayesian,narrow,3,6,16.527968313413872,0.28352508177131874,0.0003431206662396041,1.5013337835459688,0.13195184063477142,1.9619978407115632,0.19276968143743056,0.8704116434337701,0.01231646522972036
bayesian,narrow,3,7,1807.3168058404267,0.15686773847496327,0.0004258190531938132,1.1189013207000758,0.1165463907812255,1.504210114849079,0.14968029339348363,0.922100721986378,0.021330825797084296
bayesian,narrow,3,8,362.4844648993496,0.30636353237617975,0.007697698695462198,1.2373019379172008,0.06430963658555328,1.6152139900737683,0.0673491585090311,0.911466289020918,0.010523260809390879
bayesian,narrow,3,9,11.040110972144076,0.9363836498604304,0.0002723290958924006,1.685231631881529,0.14134604318763483,2.1796529489305234,0.236663849356885,0.8404237981842801,0.013990723961208974
bayesian,narrow,3,10,50000.0,0.0,0.00011127871483414836,1.1707538085331017,0.14329014380147695,1.633365061433015,0.3568231838122049,0.9025223625451719,0.06010432744719304
bayesian,narrow,3,11,50000.0,1.0,0.00034394851008210346,1.2924810316727444,0.059690382721972544,1.628886050802085,0.11978645815288838,0.9084071043470546,0.024594468802475556
bayesian,narrow,3,12,4.638198133390487,0.0,0.005915064081190839,1.3271090238537286,0.134138210832981,1.7785889967815802,0.23481463285699442,0.8934443444956337,0.016469812952153634
bayesian,narrow,3,13,50000.0,1.0,1e-05,1.2702525670738343,0.0944342205609131,1.673615607984388,0.130982388423209,0.9048897181489146,0.014831566571268542
bayesian,narrow,3,14,50000.0,0.0,0.011548235035191833,1.3029765413863565,0.07886138623482108,1.6975104428984817,0.10217990781716105,0.9026955150382948,0.006762396232541014
bayesian,narrow,3,15,247.73035695217075,0.0,0.0008732280925479525,1.1232535387793692,0.10637519842718186,1.5114303590666758,0.14071996964442954,0.9220471108494394,0.0160201838275392
bayesian,narrow,3,16,50000.0,0.0,1.6989290321185643e-05,1.1961788739467885,0.08934081977681134,1.6252822554886197,0.12695681774027537,0.9098156647375338,0.017669973416177768
bayesian,narrow,3,17,5079.623671378472,0.0,0.00018521025546630306,1.139342018609146,0.12310760849192513,1.5824735818879019,0.2664013915176661,0.9109324621216155,0.042269313108857384
bayesian,narrow,3,18,22172.345047408126,1.0,5.356919262764404e-05,1.192099351851682,0.11526585283396469,1.5487777560592944,0.12945077161389287,0.9180555262708314,0.0172574066509812
bayesian,narrow,3,19,8210.492992321553,0.0,0.0011300761942952637,1.3930102447061496,0.046955406873455105,1.7587025575035569,0.049454624115037586,0.8939598858969987,0.01952232314532984
bayesian,narrow,3,20,648.8332458486205,1.0,0.0004573780632820981,1.1737557060771335,0.1053873973732154,1.5247204944292228,0.11613154992148972,0.9207860796267455,0.014797008335500962
bayesian,narrow,3,21,600.6690383006581,0.0,0.000407951899199672,1.1357144031010602,0.11510569596141809,1.5435916026211536,0.15917943782173752,0.918073820309546,0.021362184963348706
bayesian,narrow,3,22,50000.0,0.0,0.05,2.10753629849214,0.24061894667613506,2.8488587035972786,0.37980720337840473,0.7277132993686992,0.03364867918571513
bayesian,narrow,3,23,5580.7280806295785,1.0,0.00017324641300711272,1.165350373360727,0.10327804424957457,1.5069167693400172,0.11268163093259123,0.9224032007157661,0.015971172864263646
bayesian,narrow,3,24,26.06128005383056,0.0,0.0014202398242387966,1.2058033152600347,0.10774585091474582,1.6172252839367096,0.1609000709649998,0.911349608372808,0.01455518056294194
bayesian,narrow,3,25,50000.0,1.0,0.0060230224432619136,1.2466927508592416,0.06265386794627423,1.6111396452439422,0.08168931278139052,0.9113821485830128,0.016312960508175916
bayesian,narrow,3,26,11848.857380295693,0.0,5.9759666808169046e-05,1.1564924569118065,0.10694396631111641,1.5867752762723435,0.17184671842527355,0.912864290851728,0.026218532747749
bayesian_llm_init,narrow,3,0,1.0,0.667,0.000171,2.8832690359659896,0.2600453974761921,3.738268897117417,0.42951015563355593,0.5313303617121997,0.0365237438871965
bayesian_llm_init,narrow,3,1,3.33,0.778,0.000441,1.8786264075848778,0.16255509023297296,2.4293825785982217,0.2800722823277278,0.8018322704390922,0.0196803833421147
bayesian_llm_init,narrow,3,2,11.07,0.889,0.001135,1.3755431125897197,0.12288293676873895,1.8081297352342607,0.18306768687515967,0.8897218750852298,0.013378665173060519
bayesian_llm_init,narrow,3,3,36.9,1.0,0.002924,1.2064563032674365,0.1055339952927928,1.5714211877726372,0.12414008615972033,0.9158624706232017,0.01626278736603969
bayesian_llm_init,narrow,3,4,122.8,0.0,0.007531,1.2737684452405227,0.07165193419142538,1.655205296379877,0.07367199020133688,0.9071693379429489,0.009341298601181821
bayesian_llm_init,narrow,3,5,408.1,0.111,0.01941,1.4286407646762662,0.10322142176254108,1.8990731244926677,0.18060545882855322,0.8787103447685409,0.008228190081307166
bayesian_llm_init,narrow,3,6,1358.0,0.222,0.05,2.1444401741666965,0.2482024221276846,2.8860707103605523,0.38540366727179826,0.7205190269407713,0.03495697484179061
bayesian_llm_init,narrow,3,7,4529.0,0.333,1e-05,1.3327172281546713,0.12473025276951755,1.76775795921758,0.15731130385253164,0.8941181303905266,0.015731331438106275
bayesian_llm_init,narrow,3,8,15070.0,0.444,2.58e-05,1.208895069009317,0.09851636565130878,1.6212682482332474,0.1363327946474892,0.9105976538146894,0.01559877720621491
bayesian_llm_init,narrow,3,9,50000.0,0.556,6.64e-05,1.1307124745639365,0.11984394393226387,1.5005527415032867,0.15825290808472667,0.9222146414299182,0.02345792551098841
bayesian_llm_init,narrow,3,10,1986.3464189218344,1.0,0.00044461837386153594,1.1734888380348405,0.09902339469604343,1.4992997149540586,0.10759277737144689,0.9230079173243059,0.01688315297447102
bayesian_llm_init,narrow,3,11,32005.655847749174,0.0,0.0005491921487701665,1.3924298964550907,0.050906637380968595,1.7717822704436952,0.08669516875512903,0.8916506089756753,0.025762515546112932
bayesian_llm_init,narrow,3,12,204.04707033934835,1.0,0.00025398408620526733,1.2787223573537134,0.09915578268879312,1.688653223067082,0.13539048285774408,0.903372733030437,0.013496971180639611
bayesian_llm_init,narrow,3,13,1.0,1.0,0.02959670552757807,2.5396601432910657,0.2932248765825842,3.381165676564212,0.4682138758464748,0.6167446128346716,0.0493420558829699
bayesian_llm_init,narrow,3,14,442.97972611406885,1.0,0.0021657119025595773,1.2126060123451479,0.0603348271245844,1.5473527333987998,0.09668699331446774,0.917698763470257,0.019665868544081644
bayesian_llm_init,narrow,3,15,16501.0113417089,1.0,1e-05,1.3078744143180898,0.10042896437208293,1.7218486285497612,0.13342469539830268,0.8994007614555344,0.01495994313164981
bayesian_llm_init,narrow,3,16,50000.0,0.0,1e-05,1.2304787692547834,0.08641210618977105,1.6620366061123004,0.12202010218169212,0.9058023369421775,0.017254130581411786
bayesian_llm_init,narrow,3,17,71.41515186170987,1.0,0.05,2.3267296984265107,0.2590428593860305,3.060091049545958,0.3926017886388393,0.6856606777501918,0.037263127211429506
bayesian_llm_init,narrow,3,18,8867.603696880837,1.0,0.00012633794239464663,1.1714304818262702,0.10631766667339199,1.5137192346740662,0.11783242565418509,0.9216969447123813,0.016295788177930565
bayesian_llm_init,narrow,3,19,50000.0,0.0,0.00637771281339896,1.2803959459520406,0.0808511290049748,1.6557694083952839,0.07543961674921329,0.907102153107567,0.00943801662726571
bayesian_llm_init,narrow,3,20,1796.803978371313,1.0,0.007173324401278797,1.269358673036703,0.06027175891280736,1.6376556700061804,0.08050754102505665,0.908603265644671,0.015374806928484131
bayesian_llm_init,narrow,3,21,16889.955617787735,0.0,8.495831635596887e-05,1.1453403982416497,0.12324489295494313,1.606689648336572,0.2929946538086618,0.9075022142726601,0.04741366106038132
bayesian_llm_init,narrow,3,22,50000.0,0.0,4.5109994282393355e-05,1.1460778454153544,0.1210541898335873,1.621809366196708,0.32075934059788686,0.9049473203105945,0.05274600096729347
bayesian_llm_init,narrow,3,23,389.02890193293433,0.0,0.0006100134989684329,1.1290171814067376,0.10949219600118083,1.524555591789811,0.1485582834229473,0.9203825511120007,0.01859950108515736
bayesian_llm_init,narrow,3,24,1400.060009345854,0.0,0.0002788416973541799,1.1374597279639196,0.11898602769917596,1.5524690968464328,0.18100243954943054,0.9164451356525373,0.02640001497125589
bayesian_llm_init,narrow,3,25,150.10537047729005,0.0,0.0018929472589750492,1.1307413612748936,0.10189951651092849,1.5024992152595809,0.11911066644697968,0.9230403299049964,0.014770091774429244
bayesian_llm_init,narrow,3,26,1829.8569360217327,0.0,0.005944525463463506,1.2848181146991766,0.0786617243178153,1.658786540716744,0.07315687558684246,0.9067320944109785,0.009712832555218157
bayesian,narrow,4,0,34998.07897501003,0.9726843599648843,0.001057293774697696,1.2510032333006653,0.04538413801452472,1.5749081216956935,0.06730467012820975,0.9152170206856521,0.015673279248519606
bayesian,narrow,4,1,2285.0668655137465,0.21608949558037638,0.003809587853399967,1.2559468778198746,0.05420735590473872,1.6249072832963016,0.0565803240086121,0.910062695757399,0.013371703444177383
bayesian,narrow,4,2,38679.81417574018,0.25298236238344396,1.0544974336376072e-05,1.2305226021417295,0.09478447129641744,1.6596599970599037,0.1306634922914333,0.9062508920129801,0.016268168497221458
bayesian,narrow,4,3,110.42626139998559,0.19768507460025309,0.0076368462925146645,1.2482030510752569,0.059473021770607926,1.6302123184972674,0.06588479079356734,0.9098283110763656,0.010414057234360436
bayesian,narrow,4,4,11354.7957888582,0.16384224140469872,0.04340798307813351,1.9788560720633839,0.22655981033477823,2.670840699433512,0.36058318187345934,0.7606435992102456,0.03073985422427698
bayesian,narrow,4,5,640.994473440557,0.3865712826436294,1.0795414092254283e-05,1.5254888567610851,0.1313171429462501,1.9817241731252349,0.19104211115449174,0.8677811196315235,0.012329419723248181
bayesian,narrow,4,6,1.612526229392695,0.43614664687979765,0.034564528114185304,2.353296557349055,0.2731195013753723,3.1907004691964596,0.45937288777364893,0.6587036988242925,0.04754357578068676
bayesian,narrow,4,7,28788.292017902524,0.8662892985816985,0.008100694540861812,1.2720298471525084,0.0584190268439468,1.6476296190913928,0.07911623993987885,0.9075939973142896,0.014501875798939698
bayesian,narrow,4,8,6.511771031766849,0.6007427213777693,1.8933572859489517e-05,3.073529013130664,0.273306805966401,3.9717929421346176,0.4442890005694229,0.47089616225902864,0.03712632230381191
bayesian,narrow,4,9,6.155966571808664,0.4084438601520147,0.005161206569474148,1.2754311657559596,0.11842470849009805,1.706470514791332,0.20886250412175328,0.9017834672220733,0.014832931896722102
bayesian,narrow,4,10,217.13823855892414,1.0,0.002809755314969936,1.2119989448372919,0.06985874132124958,1.5542835780447757,0.10311836208655892,0.9169700673489032,0.020119347968940538
bayesian,narrow,4,11,43.52675683755578,0.0,0.0023605445984498877,1.1550092286586835,0.09456137247012567,1.5500481497352978,0.14081034187429084,0.918337841902298,0.01457991765351615
bayesian,narrow,4,12,50000.0,0.0,0.0001003047314712729,1.1682506873190555,0.14491280458171804,1.6505669735504316,0.3795485823724227,0.8999727853897737,0.06442307402865173
bayesian,narrow,4,13,50000.0,1.0,4.82333729098989e-05,1.1788197992325689,0.10714962062782413,1.5224157344830016,0.12681655058541083,0.920611369207607,0.01798831261040995
bayesian,narrow,4,14,10999.193457679427,0.0,3.511284260288209e-05,1.1997846466513018,0.08842968333202353,1.6308065786965809,0.12785546119870025,0.9093329744719391,0.016857778457923092
bayesian,narrow,4,15,50000.0,0.0,0.0022871751483025437,1.370333614020796,0.045727022218159226,1.758045522028612,0.03809792877516637,0.8944637583456861,0.01685611947278635
bayesian,narrow,4,16,15167.83205272458,1.0,0.00016792083346506132,1.1809538247533924,0.10272910148096134,1.4993980395622122,0.12257325696231833,0.9225942841693657,0.019779208549207446
bayesian,narrow,4,17,10742.527750711608,1.0,1e-05,1.3173257267344454,0.10308284014342312,1.7354495825532041,0.1316122671577106,0.8978815357798533,0.014297716077363465
bayesian,narrow,4,18,46.347463484788086,0.0,0.003687372622677394,1.1527382961030204,0.1027866311163729,1.5374145363604979,0.1203020819909089,0.919734349168827,0.012929771279060876
bayesian,narrow,4,19,49999.99999999992,1.0,0.0001573329017825965,1.255598551052581,0.0969595076185492,1.6124150222051745,0.2278951639220919,0.9080158373180964,0.03945000299221398
bayesian,narrow,4,20,3093.8715981157343,0.0,0.0003307931813162388,1.129874752862197,0.12196034625624985,1.532511020029237,0.20137376300090623,0.9179169787329589,0.030631135844686446
bayesian,narrow,4,21,2261.489401614976,1.0,0.0006323552361908123,1.20021572264491,0.06888140669906448,1.5144505835532418,0.10223893772693184,0.9213141637848412,0.0172109543255801
bayesian,narrow,4,22,7014.414785753244,0.0,0.00015383957635495943,1.1411494518893146,0.12429451241571923,1.5912350025611164,0.2802507905176459,0.9095916879225007,0.04482702647938732
bayesian,narrow,4,23,7682.319510962848,0.0,0.0003828477912554979,1.1657020499080955,0.10603924842608652,1.5624470165687923,0.19854893884578134,0.9145711765797483,0.03248200876886301
bayesian,narrow,4,24,665.8605535557733,0.0,0.0010061787658926843,1.1250724996778252,0.09470902663498335,1.485521666185673,0.10684677517629225,0.924802192885692,0.013583625442300231
bayesian,narrow,4,25,248.5674921997872,0.0,0.002153855407413327,1.1374506215468112,0.08669911923683446,1.4902800674060213,0.099080002442163,0.9241966931296244,0.014501871961248544
bayesian,narrow,4,26,5381.075532603581,0.6424978809106842,0.00010124888909281484,1.1623730077823693,0.10093692086925407,1.5458646855459182,0.1249067575412395,0.9185035002659687,0.015777004095512463
bayesian_llm_init,narrow,4,0,1.0,0.667,0.000171,2.8832690359659896,0.2600453974761921,3.738268897117417,0.42951015563355593,0.5313303617121997,0.0365237438871965
bayesian_llm_init,narrow,4,1,3.33,0.778,0.000441,1.8786264075848778,0.16255509023297296,2.4293825785982217,0.2800722823277278,0.8018322704390922,0.0196803833421147
bayesian_llm_init,narrow,4,2,11.07,0.889,0.001135,1.3755431125897197,0.12288293676873895,1.8081297352342607,0.18306768687515967,0.8897218750852298,0.013378665173060519
bayesian_llm_init,narrow,4,3,36.9,1.0,0.002924,1.2064563032674365,0.1055339952927928,1.5714211877726372,0.12414008615972033,0.9158624706232017,0.01626278736603969
bayesian_llm_init,narrow,4,4,122.8,0.0,0.007531,1.2737684452405227,0.07165193419142538,1.655205296379877,0.07367199020133688,0.9071693379429489,0.009341298601181821
bayesian_llm_init,narrow,4,5,408.1,0.111,0.01941,1.4286407646762662,0.10322142176254108,1.8990731244926677,0.18060545882855322,0.8787103447685409,0.008228190081307166
bayesian_llm_init,narrow,4,6,1358.0,0.222,0.05,2.1444401741666965,0.2482024221276846,2.8860707103605523,0.38540366727179826,0.7205190269407713,0.03495697484179061
bayesian_llm_init,narrow,4,7,4529.0,0.333,1e-05,1.3327172281546713,0.12473025276951755,1.76775795921758,0.15731130385253164,0.8941181303905266,0.015731331438106275
bayesian_llm_init,narrow,4,8,15070.0,0.444,2.58e-05,1.208895069009317,0.09851636565130878,1.6212682482332474,0.1363327946474892,0.9105976538146894,0.01559877720621491
bayesian_llm_init,narrow,4,9,50000.0,0.556,6.64e-05,1.1307124745639365,0.11984394393226387,1.5005527415032867,0.15825290808472667,0.9222146414299182,0.02345792551098841
bayesian_llm_init,narrow,4,10,1994.2895918258914,1.0,0.00044352062307969145,1.1734333536044603,0.09907705386524618,1.4992299589695413,0.10769506090666707,0.9230132310673582,0.016898477798897905
bayesian_llm_init,narrow,4,11,31966.567665044873,0.0,0.0005562624216479449,1.403026709378676,0.06169546381676074,1.7854203153688304,0.09164562042533367,0.88996974025662,0.02551403037601195
bayesian_llm_init,narrow,4,12,205.16667536837429,1.0,0.00025265791783629535,1.2788273745827397,0.09920149713288484,1.688729226297098,0.1353892076660877,0.9033648899900589,0.013489095172629341
bayesian_llm_init,narrow,4,13,1.0,1.0,0.029748174075993873,2.5453513918823005,0.29355409314122516,3.3888071692902626,0.46842818806841036,0.6150090275472968,0.049388870993965356
bayesian_llm_init,narrow,4,14,435.62010087306186,1.0,0.0021469561656168204,1.2118989946944094,0.061243682729508246,1.5461107498414493,0.09728212473291836,0.9178261254323287,0.019685631858644533
bayesian_llm_init,narrow,4,15,12788.032834293435,1.0,1e-05,1.3139089364540701,0.10156029644642463,1.729871086095915,0.13241595697389122,0.898498413931034,0.014654579564283494
bayesian_llm_init,narrow,4,16,50000.0,0.0,1e-05,1.2304787692547834,0.08641210618977105,1.6620366061123004,0.12202010218169212,0.9058023369421775,0.017254130581411786
bayesian_llm_init,narrow,4,17,70.67244090063818,1.0,0.05,2.3267296984265107,0.2590428593860305,3.060091049545958,0.3926017886388393,0.6856606777501918,0.037263127211429506
bayesian_llm_init,narrow,4,18,8855.468223835916,1.0,0.00012567547035430784,1.1715688781690896,0.10666536091239118,1.5140939592239941,0.11831231033821603,0.9216565862973732,0.016331577447164437
bayesian_llm_init,narrow,4,19,12189.847616810694,0.0,0.0065774590284845376,1.2787321717329205,0.0817229309033542,1.654822855934763,0.0764112547474352,0.9072216337850308,0.009323096519843645
bayesian_llm_init,narrow,4,20,15020.196814047653,0.0,9.041922981360714e-05,1.1442729921663837,0.12356337176894443,1.6032691029610575,0.28999771383618,0.9079650406506756,0.046833377610694206
bayesian_llm_init,narrow,4,21,995.1489633961683,1.0,0.0071776213508672575,1.2694461415675,0.060266094119459074,1.6377725050517544,0.08049775220056418,0.9085907939313291,0.01537123753799597
bayesian_llm_init,narrow,4,22,49999.99999999992,0.0,4.737519498464127e-05,1.1490407381380954,0.124029937765671,1.6306544102187766,0.3411782194578609,0.903356145866186,0.056519852704018506
bayesian_llm_init,narrow,4,23,394.05699932063493,0.0,0.0006019971270379899,1.1292350563524733,0.10963573407470684,1.5253568923012355,0.148917400450158,0.9202880491713398,0.01869825239811515
bayesian_llm_init,narrow,4,24,1427.4549476590778,0.0,0.00027706137559622924,1.1375357921586358,0.11908176626108255,1.5526956708658566,0.1817854739712372,0.9164001470875199,0.02655537950264785
bayesian_llm_init,narrow,4,25,145.344373320855,0.0,0.0018291669492463726,1.1306652086179865,0.10309021108795442,1.502545024295765,0.12103692700614618,0.9230248170759054,0.014903543729014907
bayesian_llm_init,narrow,4,26,241.30900991786504,0.796232897160958,0.0007482266048104196,1.1592913248513448,0.11302820159194495,1.5258294383249884,0.12525113222041806,0.9208408112650612,0.013867852878863288
bayesian,narrow,5,0,11.044326882678181,0.20671915533942642,0.016626953505548873,1.3976723430843772,0.12363813018435475,1.8679253103491689,0.22883317336384532,0.8828539459482299,0.012652592552300019
bayesian,narrow,5,1,20726.458542639703,0.6117438629026457,0.0006406463219449181,1.2975271971554128,0.035269188388188454,1.6288332203510616,0.07069313524392985,0.9088310396615269,0.019811489355422898
bayesian,narrow,5,2,3971.714694495935,0.29680050157622195,0.0008272039257838964,1.2302978369310824,0.04313088031163873,1.5491521789318212,0.07759144037696264,0.9178485142316759,0.015943740069053882
bayesian,narrow,5,3,7.622482266362454,0.73844029619897,1.989113345834886e-05,2.9434747609374132,0.26574304037297186,3.8130361138508624,0.43483615605632975,0.5123789875078884,0.03701271734291451
bayesian,narrow,5,4,118.49466596394832,0.8799370312012789,3.851088083326117e-05,1.6164554961252435,0.13800995513326403,2.0955521154312993,0.22089225892149877,0.8524224834663489,0.012962389287756334
bayesian,narrow,5,5,19.405465428557893,0.29607993273364797,0.00034059864064384945,1.4725923399856056,0.13210213584220284,1.9273287108281127,0.1888844180532717,0.8749181050337306,0.012180808502428241
bayesian,narrow,5,6,900.8563059110616,0.5999291966249876,0.0013957340297463335,1.206053255677416,0.04868858580068652,1.5244309022606057,0.0806931345205164,0.9204608754992888,0.015581863810809081
bayesian,narrow,5,7,17.74500229608472,0.2535882057737875,0.0001129911771431662,1.7744780765113624,0.1662594673873999,2.3044596337016494,0.2716955587118645,0.8216443123924151,0.019735893426955538
bayesian,narrow,5,8,34.6109216873367,0.1656128612012676,3.41396782524437e-05,1.9334227058024633,0.19312888967551212,2.5217683471619052,0.31533745565803817,0.7865589113646596,0.02502490940147838
bayesian,narrow,5,9,33843.918640646145,0.18841465559593518,0.03563278908451485,1.7939884415608833,0.19776619379489055,2.42784799047747,0.32443149132722365,0.8021818408316668,0.025211686510801034
bayesian,narrow,5,10,1990.5650479085334,0.5073455999039563,8.452701171111188e-05,1.2203745565856043,0.09621288669976973,1.6253131553377451,0.13983328646462262,0.9103324374757904,0.014392979192790482
bayesian,narrow,5,11,211.0734262000498,0.0,0.0006254565272613092,1.1418026955189333,0.10550049923099508,1.5455674144068483,0.1442305120145136,0.9185234994765666,0.016553065525357888
bayesian,narrow,5,12,50000.0,1.0,1e-05,1.2702525670738343,0.0944342205609131,1.673615607984388,0.130982388423209,0.9048897181489146,0.014831566571268542
bayesian,narrow,5,13,50000.0,0.0,2.5299434514656802e-05,1.1702088570580311,0.1041954133392118,1.5981266109383228,0.16398914871889075,0.9119056680694178,0.024568410066666685
bayesian,narrow,5,14,8099.0828529167775,0.0,1e-05,1.3033662244746158,0.11453989194830907,1.7382395924008744,0.14509564671263028,0.8975957076136822,0.014837394988322745
bayesian,narrow,5,15,337.38687535372736,1.0,0.0004635660287502973,1.2015785780526802,0.10430179830690692,1.5753009709675254,0.12185844568326061,0.9155306214904295,0.015032880066485272
bayesian,narrow,5,16,165.35176855159756,1.0,0.05,2.3267296984265107,0.2590428593860305,3.060091049545958,0.3926017886388393,0.6856606777501918,0.037263127211429506
bayesian,narrow,5,17,1.0,0.0,0.029647014746846764,2.5032253752831686,0.2936526858307708,3.3620124637817064,0.47050548685245075,0.621128962215739,0.04954913819811646
bayesian,narrow,5,18,43.14693396693819,0.0,0.002711442207089549,1.1572473055036414,0.09931654165285927,1.5445109410153164,0.13870247746765174,0.9189286739409492,0.014405553691084242
bayesian,narrow,5,19,669.7470367095846,0.33873591323604135,0.0003641043058066987,1.1343099049281296,0.09681511768183303,1.523424752544982,0.1218114402678157,0.9209775085175359,0.014339730953702341
bayesian,narrow,5,20,1866.7995536199332,1.0,0.0003329686341859053,1.16311816420269,0.10601727303406748,1.5047429465693751,0.1143307480270939,0.9225986387899198,0.01631854507850794
bayesian,narrow,5,21,50000.0,0.0,0.00017639158482430042,1.2156816700831785,0.12289155963810608,1.6966122516283004,0.39789119319321864,0.8937502242772613,0.07027963670343426
bayesian,narrow,5,22,71.03265855020179,0.0,0.0007871252768353098,1.1841315350987516,0.09723148419579575,1.5940744312405748,0.1481713655687899,0.9137962423662381,0.014127783328777078
bayesian,narrow,5,23,675.0380817275416,0.0,0.0006804245245607823,1.120025386587065,0.10900840810940436,1.4943587910068115,0.13596116195250993,0.9235344249634256,0.017410353920010082
bayesian,narrow,5,24,14923.988392154515,0.9999999999999999,6.67980075717259e-05,1.191112788093229,0.11291577871307099,1.5470863289094754,0.12620551936110969,0.9182629991299649,0.016866802022033306
bayesian,narrow,5,25,13518.219897499022,0.0,8.917832846350526e-05,1.144324191443048,0.12161242980519407,1.5974810116028182,0.27050971242591965,0.9091491632015234,0.04335351412345872
bayesian,narrow,5,26,1248.161235173093,0.0,0.00038385373423996584,1.1313217933094752,0.11598880902497648,1.536139904002164,0.18155817103083838,0.9181144107736872,0.026578292815047918
bayesian_llm_init,narrow,5,0,1.0,0.667,0.000171,2.8832690359659896,0.2600453974761921,3.738268897117417,0.42951015563355593,0.5313303617121997,0.0365237438871965
bayesian_llm_init,narrow,5,1,3.33,0.778,0.000441,1.8786264075848778,0.16255509023297296,2.4293825785982217,0.2800722823277278,0.8018322704390922,0.0196803833421147
bayesian_llm_init,narrow,5,2,11.07,0.889,0.001135,1.3755431125897197,0.12288293676873895,1.8081297352342607,0.18306768687515967,0.8897218750852298,0.013378665173060519
bayesian_llm_init,narrow,5,3,36.9,1.0,0.002924,1.2064563032674365,0.1055339952927928,1.5714211877726372,0.12414008615972033,0.9158624706232017,0.01626278736603969
bayesian_llm_init,narrow,5,4,122.8,0.0,0.007531,1.2737684452405227,0.07165193419142538,1.655205296379877,0.07367199020133688,0.9071693379429489,0.009341298601181821
bayesian_llm_init,narrow,5,5,408.1,0.111,0.01941,1.4286407646762662,0.10322142176254108,1.8990731244926677,0.18060545882855322,0.8787103447685409,0.008228190081307166
bayesian_llm_init,narrow,5,6,1358.0,0.222,0.05,2.1444401741666965,0.2482024221276846,2.8860707103605523,0.38540366727179826,0.7205190269407713,0.03495697484179061
bayesian_llm_init,narrow,5,7,4529.0,0.333,1e-05,1.3327172281546713,0.12473025276951755,1.76775795921758,0.15731130385253164,0.8941181303905266,0.015731331438106275
bayesian_llm_init,narrow,5,8,15070.0,0.444,2.58e-05,1.208895069009317,0.09851636565130878,1.6212682482332474,0.1363327946474892,0.9105976538146894,0.01559877720621491
bayesian_llm_init,narrow,5,9,50000.0,0.556,6.64e-05,1.1307124745639365,0.11984394393226387,1.5005527415032867,0.15825290808472667,0.9222146414299182,0.02345792551098841
bayesian_llm_init,narrow,5,10,1985.9169354317712,1.0,0.0004425986409181471,1.173302691795864,0.09940653689970869,1.499354398624125,0.10787276774131391,0.9230032906115463,0.016890728999863217
bayesian_llm_init,narrow,5,11,32910.677944045456,0.0,0.0005516844458030967,1.395710677783565,0.05555935599598455,1.7821054648827819,0.09625074141891078,0.8902206995135531,0.02687231816899822
bayesian_llm_init,narrow,5,12,204.11299769727896,1.0,0.0002530581027275428,1.2788772063594671,0.09924724846265726,1.6888953635291735,0.13547790404497093,0.9033469908893338,0.013486083682174185
bayesian_llm_init,narrow,5,13,1.0,1.0,0.029550935892950374,2.537954617174292,0.2931368109069373,3.3788703058159903,0.46816288853831073,0.6172655163488597,0.049327939589463424
bayesian_llm_init,narrow,5,14,439.08694854532814,1.0,0.0021533799103124586,1.212235677407899,0.06091520752310835,1.5466645994068207,0.09709659429980093,0.9177699556260093,0.019677020735691737
bayesian_llm_init,narrow,5,15,29990.291242887153,1.0,1e-05,1.2849981842780174,0.101476536356971,1.6971815947013247,0.1348390870479813,0.902230411919669,0.015045731264150876
bayesian_llm_init,narrow,5,16,50000.0,0.0,1e-05,1.2304787692547834,0.08641210618977105,1.6620366061123004,0.12202010218169212,0.9058023369421775,0.017254130581411786
bayesian_llm_init,narrow,5,17,73.53001011398683,1.0,0.05,2.3267296984265107,0.2590428593860305,3.060091049545958,0.3926017886388393,0.6856606777501918,0.037263127211429506
bayesian_llm_init,narrow,5,18,8934.095079328346,1.0,0.00012489817956952835,1.1718116570350434,0.10671413594440166,1.51424455482189,0.11861671232365084,0.9216384515029687,0.01636546794915585
bayesian_llm_init,narrow,5,19,50000.0,0.0,0.006402668415435865,1.2801711521051142,0.0809528771641296,1.655632003607169,0.07555928929766398,0.9071191506128837,0.00942446527487904
bayesian_llm_init,narrow,5,20,1806.6003061361062,1.0,0.007144243397585952,1.2687657368157927,0.06031411675341002,1.6369027428077807,0.08048480222528094,0.908683995780118,0.015390442232696202
bayesian_llm_init,narrow,5,21,50000.0,1.0,4.8660234976949714e-05,1.181566456973061,0.10645526077649263,1.524309797500131,0.12415416617241559,0.9204044968626872,0.018004164563713686
bayesian_llm_init,narrow,5,22,49999.99999999992,0.0,5.586463017173234e-05,1.1483592874789745,0.13147084252300464,1.6367652726925628,0.36576148202016495,0.9019121361819697,0.060823700951939105
bayesian_llm_init,narrow,5,23,439.9265037438848,0.0,0.0005463113968504368,1.1302919466783337,0.11148387970802155,1.5296052982198898,0.1517788398146114,0.9197582293200085,0.019435207580559395
bayesian_llm_init,narrow,5,24,2227.699215115651,0.0,0.0002165548483764958,1.1397129988196184,0.1188224830606926,1.561537150079316,0.19521125667466782,0.9150876491090927,0.029306078472047737
bayesian_llm_init,narrow,5,25,11726.38870266525,0.0,9.008883339256662e-05,1.1446303069396326,0.11637341695147796,1.5915991253429733,0.24923365985885182,0.9103660326948202,0.03967076371702048
bayesian_llm_init,narrow,5,26,148.3335334895789,0.0,0.0018122755496692172,1.1304057356188084,0.10301665964162329,1.501986884134999,0.12079472575363648,0.9230826098929169,0.014877299638768198
bayesian,wide,1,0,56.64975583028233,0.00011437481734488664,0.110222803767004,3.2989809491852347,0.2490676890332101,4.302373526717015,0.42418834390935384,0.3783112221098014,0.033247361471793635
bayesian,wide,1,1,5.260089742045375,0.0923385947687978,1.0648568665651108e-05,3.5531830581366917,0.2865636594062013,4.560527288566884,0.4587164525034067,0.30191356717402507,0.03175328127982658
bayesian,wide,1,2,0.4746154837062849,0.39676747423066994,0.00026237659355350326,3.1020100982434102,0.27369945689527236,4.00623861289022,0.44586196126677613,0.4616744040776588,0.03693441022381446
bayesian,wide,1,3,706.8879948063835,0.6852195003967595,0.0008597290483171278,1.15326286709962,0.10271256802339834,1.4894057669048888,0.10157997975324194,0.9241181012344762,0.01599857373965801
bayesian,wide,1,4,0.6919428843480714,0.027387593197926163,1.40223904167359,4.302849377949162,0.3111303152395817,5.491335780819549,0.46990279237828286,-0.013525779733261389,0.013608141878864062
bayesian,wide,1,5,10819.509974097808,0.5586898284457517,0.0008339377173699838,1.2830439231540578,0.02057254805006889,1.6104970283747861,0.046249417273732205,0.9112414477819722,0.015939474894101687
bayesian,wide,1,6,0.1834351027655812,0.8007445686755367,2.4361858905195674e-05,4.228270050930935,0.3023862076055966,5.387177040317495,0.45960450625119614,0.024526517143959613,0.013034167969666995
bayesian,wide,1,7,5180291.295699624,0.6923226156693141,0.00015630369583006918,1.3740384806210673,0.14721381883940865,1.8471075379715174,0.45498371725547626,0.873025656396852,0.08815340450111481
bayesian,wide,1,8,771795.7285411935,0.08504421136977791,1.829138725704839,4.328763954673107,0.28989295794536485,5.466692453983707,0.43560567192550204,-0.005173189710002424,0.006717523368252375
bayesian,wide,1,9,0.02246430821470859,0.8781425034294131,1.5445889976016682e-05,4.297944995307843,0.3060833954895623,5.474361700923668,0.4624863800967266,-0.007394206048681506,0.011407638751017258
bayesian,wide,1,10,32074.80357450485,1.0,0.001944467216957443,1.2233052433647402,0.060556222325089344,1.5663776151480449,0.09063080216466372,0.9157940720997594,0.01900895845418505
bayesian,wide,1,11,13943.308139207978,1.0,0.0005109021932628162,1.2696704493133943,0.052756108102607266,1.579645689027619,0.09647985944599041,0.914254405224983,0.019659117052017616
bayesian,wide,1,12,860.6036271218545,1.0,0.0022110882970588653,1.216061915489683,0.05988256643197684,1.560450261598563,0.0948937788445985,0.9163675593359871,0.01947935619683293
bayesian,wide,1,13,10000000.0,0.0,1.0000000000000004e-06,2.9065594026833232,0.39438871498912553,3.7442907870585183,0.4850555674287377,0.5243686673983442,0.10065510069667678
bayesian,wide,1,14,10000000.0,1.0,0.0008526667306321068,1.2573963506297776,0.04188084249638131,1.5767386725710058,0.06982539804618092,0.9150343588180302,0.01563173292453671
bayesian,wide,1,15,10000000.0,0.0,0.0006812160032139703,1.4519037392773702,0.03818754507918431,1.8534108950836465,0.07748937960070938,0.8815744126642091,0.02703255019646362
bayesian,wide,1,16,5254.19318000362,1.0,0.0012702638540572626,1.2404326723981385,0.052336932301747886,1.5680323116718076,0.07414884723960569,0.9158870712585138,0.016394647666652214
bayesian,wide,1,17,1267.3980362287684,0.0,0.0017922553430827876,1.2601390520545825,0.030638427672093026,1.6069693744196496,0.05180895716708438,0.9116021094923294,0.01631734844421383
bayesian,wide,1,18,943.0953093391205,0.5935507951103102,0.0015092432301431196,1.2148457609075405,0.040122907147733214,1.5336544466654516,0.07590452228125798,0.919497277639757,0.01553293894200336
bayesian,wide,1,19,658220.482153622,1.0,0.0007279824111472542,1.2634170731506813,0.039128785322889624,1.5825711273390597,0.07248521423460745,0.9143604499645466,0.016128711170876466
bayesian,wide,1,20,9999999.99999997,1.0,0.005914203585158405,1.2449316141035398,0.06308556542126799,1.6090184600685,0.08213781152851807,0.9115982660366935,0.016431122328678903
bayesian,wide,1,21,948897.8621928231,1.0,0.0034073558482106327,1.22156545389795,0.06776168196977994,1.5764142001914696,0.09454341204229595,0.9147766965927729,0.01901942396130423
bayesian,wide,1,22,1014.6474474944016,0.0,0.0005318932449104692,1.1237477598899293,0.11366226920056526,1.5065731225184744,0.1518197233002431,0.9218668652373502,0.020948025996014516
bayesian,wide,1,23,17397.07183003837,0.0,0.00010787145398326079,1.1451388260332953,0.1344280943835403,1.623736902229533,0.3584567937020248,0.9036266469529626,0.059193954215405346
bayesian,wide,1,24,2945.4721573210954,0.0,0.00022239430049142482,1.1385212524077664,0.1202415883926207,1.5674809727440464,0.22637296111466942,0.9136275716944453,0.03504505322754102
bayesian,wide,1,25,58079.120721756226,1.0,4.840448905176132e-05,1.1796151101924415,0.10376313401603043,1.5200695607357884,0.12139099417485476,0.920825165634756,0.01785709270368133
bayesian,wide,1,26,60928.13112406908,0.0,3.736692231551698e-05,1.1478136239560173,0.11347111841866661,1.6098657940268086,0.285931924450175,0.9072656044940709,0.04675306896964501
bayesian_llm_init,wide,1,0,1.0,0.1,0.007,1.714356015827887,0.1918330107604041,2.268600373664151,0.3381753388649523,0.8271703097299916,0.027890990001149262
bayesian_llm_init,wide,1,1,10.0,0.05,0.003,1.2419183720847984,0.1155446529298245,1.6666289094611344,0.1879249323028683,0.9060369057833528,0.015345941869319252
bayesian_llm_init,wide,1,2,100.0,0.2,0.01,1.2677358929552363,0.05829778260578471,1.6564633964175872,0.07949495993008801,0.9071189735490087,0.008587790629548907
bayesian_llm_init,wide,1,3,1000.0,0.3,0.001,1.1461383977273865,0.08430245999637616,1.4815789544872975,0.1020188912658425,0.9250550194092847,0.014615698833034752
bayesian_llm_init,wide,1,4,10000.0,0.01,0.03,1.6394482294590957,0.16478906691358655,2.225242871840732,0.2767204171874504,0.8337878627543024,0.0183302445626171
bayesian_llm_init,wide,1,5,100000.0,0.5,0.0005,1.3394225856121675,0.050370301870605545,1.7008739715992367,0.12761285423949126,0.8995758486017038,0.029483300651423756
bayesian_llm_init,wide,1,6,1.0,0.02,0.05,3.1809603644242452,0.29741509103516794,4.262037067007298,0.4689702660220943,0.3906433354349474,0.04236087246330591
bayesian_llm_init,wide,1,7,1000000.0,0.15,0.002,1.320128214947458,0.04583624975457187,1.6916213022978,0.04865033865802342,0.9022662944383635,0.015883049532126724
bayesian_llm_init,wide,1,8,100.0,0.4,0.0002,1.3338899736832552,0.1233695549889265,1.766154433153747,0.16484798661001296,0.8945941868035646,0.013587857184898045
bayesian_llm_init,wide,1,9,10.0,0.05,0.2,4.037791387284107,0.27329935887306706,5.148925823481553,0.4431861868493136,0.10895492120657883,0.013986323908716335
bayesian_llm_init,wide,1,10,6378.150125495078,1.0,0.004333756941779356,1.2252378035420748,0.06805503860335207,1.5846278312606077,0.08971042641663081,0.9140263401900711,0.018041849619629215
bayesian_llm_init,wide,1,11,10000000.0,1.0,1.0000000000000004e-06,2.4189642956087023,0.2253162828726843,3.262941072583078,0.5106311754241898,0.6168168958669554,0.1744890639570815
bayesian_llm_init,wide,1,12,2057.299479533729,0.16277369462713942,0.004388768120138322,1.261286082654321,0.061118561793088104,1.6305982682155111,0.05962779259162818,0.9095745232163497,0.01221962363761531
bayesian_llm_init,wide,1,13,0.010000000000000004,0.0,1.0000000000000004e-06,4.303748444877828,0.31178847163456025,5.493484702748714,0.4728074653588957,-0.014264408706742948,0.014639005969057638
bayesian_llm_init,wide,1,14,9.81447808259379,1.0,0.0010732094425417696,1.4156319428624777,0.12902874219930383,1.8529661099778032,0.19322725930156945,0.8843059642590575,0.013272868903025606
bayesian_llm_init,wide,1,15,10000000.0,1.0,0.01694355951703376,1.4903950933999592,0.09837124147187794,1.9558905640450899,0.18230697300454562,0.871086545297973,0.012244384081306984
bayesian_llm_init,wide,1,16,10000000.0,0.0,6.406867598314087e-05,1.9214140389800438,0.3438302110239916,2.4941039348941727,0.58431126524899,0.7710359072404351,0.14290649603941055
bayesian_llm_init,wide,1,17,142.5132567378609,0.0,0.0008232663033704883,1.13870795558318,0.10284444357737119,1.5418599727145779,0.1438224011232826,0.9189977106325229,0.015879206521517236
bayesian_llm_init,wide,1,18,252.4078849597981,0.0,0.001443345804637962,1.1257493437245008,0.10118514127666639,1.491166970395796,0.11595372160681647,0.9242086993586941,0.01427673509527523
bayesian_llm_init,wide,1,19,9999999.99999997,0.9999999999999999,10.0,4.336217514472261,0.2868701332635552,5.467978946157605,0.43009136790322045,-0.0057842563151830895,0.00821053665630454
bayesian_llm_init,wide,1,20,10000000.0,1.0,0.0015758682681233658,1.2316128768535255,0.05624293121891409,1.5659500072321173,0.08185025656915608,0.9159666782532812,0.017737039465269833
bayesian_llm_init,wide,1,21,131.6457196839785,0.6124402071886548,0.003603513937868967,1.1907403525425422,0.060986254507880054,1.5405893642842239,0.08872118295820632,0.9187071550246968,0.017166865117392398
bayesian_llm_init,wide,1,22,1629.0151032596825,1.0,0.0006395562568770458,1.1888555521414115,0.07051394269103498,1.5078569976798293,0.09689256993735203,0.9220628543547289,0.016706568926538802
bayesian_llm_init,wide,1,23,898.7589036913332,0.0,0.0005510527968257815,1.1238711744537826,0.1126355358328471,1.507234399221297,0.15096852801658328,0.9218526982540693,0.020576143994659214
bayesian_llm_init,wide,1,24,547.6312688940578,0.0,0.0007883324927924325,1.1187628446272808,0.10730012328644348,1.4891480199962353,0.12984657408887046,0.92422050564966,0.0160299550085599
bayesian_llm_init,wide,1,25,966699.2349466205,1.0,0.003574915493436212,1.222307811584382,0.06812215388497735,1.5777511079556203,0.0937958783292432,0.9146577618335323,0.018846704801493915
bayesian_llm_init,wide,1,26,8384.30757152281,1.0,6.868161235311625e-05,1.2106768407433426,0.09948742569310982,1.5828791847910524,0.12090668834791418,0.9147741561316212,0.01451585995320637
bayesian,wide,2,0,83.93713070692232,0.5496624778787091,1.518740669381716e-06,3.0452514643166246,0.27067468270682427,3.9378288199191593,0.44094981518697074,0.4798930113394565,0.03692844225710436
bayesian,wide,2,1,82.77544678611453,0.3303348210038741,0.0008761422316284183,1.160727250476819,0.10170534604725413,1.56718307927129,0.14141484537658325,0.916781469298716,0.012543949560369496
bayesian,wide,2,2,0.6947646390269445,0.29965467367452314,0.02162204487972218,2.430165170090171,0.27894613969400794,3.233785586433009,0.45523156830105116,0.6494607321364674,0.04660310928710484
bayesian,wide,2,3,2.5202607503124463,0.5291420942770391,0.02228111034212279,1.768162253097144,0.2109628735315977,2.3934437153768604,0.3975428631999262,0.8077679392575188,0.035844704607495365
bayesian,wide,2,4,0.16263705744269627,0.18443986564691528,0.003935925313646888,2.597777634432738,0.25746005884088285,3.395309629090891,0.44016836446874763,0.6137482486478294,0.040268122214594956
bayesian,wide,2,5,116954.33673868766,0.4942368373819278,0.9502263043548743,4.331063116104379,0.2878767545105037,5.466393802320187,0.43293934243103194,-0.005127525926491616,0.007300209213263934
bayesian,wide,2,6,415961.7227521416,0.505246090121704,3.610092576942012e-06,1.2178256069815538,0.10713331996850352,1.6220918798780048,0.14324850217355137,0.9102748912625728,0.017628324043993875
bayesian,wide,2,7,0.03868820135360915,0.09653091566061256,0.0009927874834871659,3.8799404170012934,0.2969380782017135,4.967805725894555,0.46849726107555245,0.1712430998521087,0.026076670713801556
bayesian,wide,2,8,0.13945681596725926,0.22601200060423587,0.01503893779049413,3.220670488293423,0.3037705890263896,4.21422093641484,0.47020533239434237,0.4044664703664595,0.03990477393726644
bayesian,wide,2,9,0.09172995042383845,0.34982628500329926,3.4845239148070944e-05,4.246827007335025,0.3099482017610244,5.424815669164056,0.4688304025130478,0.010973277069223153,0.01497148075984411
bayesian,wide,2,10,85.64178012945796,1.0,0.002096268616911929,1.1841369347002901,0.1010266744048374,1.5396914970092284,0.11595382373230981,0.9189737114525478,0.017301433702495345
bayesian,wide,2,11,10000000.0,0.0,1.0000000000000004e-06,2.9065594026833232,0.39438871498912553,3.7442907870585183,0.4850555674287377,0.5243686673983442,0.10065510069667678
bayesian,wide,2,12,61952.67790842458,1.0,3.2225299240359675e-05,1.1899689695256228,0.11575335075728764,1.5394344248008003,0.13197839213096596,0.9189369400274894,0.017855832205923246
bayesian,wide,2,13,30894.40073700603,0.0,3.223253251814461e-05,1.169312846930159,0.1012761711664106,1.5971346302880374,0.15931189409003615,0.9121047770101504,0.023758593862956732
bayesian,wide,2,14,53794.084856306974,0.9628168999114041,2.911254934518456e-06,1.3152341191591632,0.10442598136351809,1.7338110939267228,0.13826324298507214,0.89802432687066,0.015166909866064665
bayesian,wide,2,15,101.07436674075477,0.0,0.004450215880960151,1.1857101438541096,0.08240337013766588,1.5489598730388456,0.09630015511304527,0.918310449500366,0.013878550310373713
bayesian,wide,2,16,1642.4001709424917,0.0,0.00045079463790965963,1.1255573044407787,0.11566765287756606,1.5115255644893157,0.1619602024545429,0.9210460642791748,0.023412329781028172
bayesian,wide,2,17,1856.6693608426324,0.7627303487969179,0.0004043848321360114,1.1373824898806784,0.10542060982760468,1.4736495861210517,0.10951960757661132,0.9259267782039531,0.014446807378354496
bayesian,wide,2,18,337.24883844821943,0.415637345414383,0.0013984468081170757,1.1393263617447305,0.09610726630361258,1.4888973096330367,0.10665790089135993,0.9243671262087316,0.014688647961129323
bayesian,wide,2,19,94696.5625486932,0.4939360807785575,2.278502573071328e-05,1.1507869701630196,0.11131120946671536,1.5517527439689904,0.15128706777676848,0.9169453355683965,0.02338028372880035
bayesian,wide,2,20,10.759003547470368,0.32242157200506383,0.003005940730838083,1.2337449855796288,0.11339942020967508,1.659231800838827,0.18028184298920497,0.9068626075482177,0.014850155131904689
bayesian,wide,2,21,43594.75712255956,0.0,0.0002852179293516032,1.2775260430461859,0.08394844052798466,1.7046518953415144,0.22427655903186405,0.8975047065651711,0.042011131959739385
bayesian,wide,2,22,359924.7194782295,1.0,1.46918561462429e-05,1.203333081574782,0.1223059893742062,1.5603765827225604,0.1515161296690457,0.9161331414307279,0.023041554392642452
bayesian,wide,2,23,117176.9461910861,0.0,9.114756537645468e-06,1.2097547445386396,0.08247522418567571,1.6413074819089313,0.1275527756618291,0.9079698195213577,0.018255193295544057
bayesian,wide,2,24,6843.1932726440655,0.23914390646107184,0.00014242974722700996,1.1316188950445285,0.11185403773210571,1.551389997126318,0.19478573250710882,0.916080133204388,0.030362736658440078
bayesian,wide,2,25,438.8698267122196,0.0,0.0004429797093109401,1.1388038885827858,0.11069121589534232,1.5463112858430648,0.15091966151475847,0.9180731286626698,0.019321277711238476
bayesian,wide,2,26,21.664010978041883,1.0,10.0,4.336064789895824,0.28693705730958247,5.4679165289477805,0.43015014879178826,-0.005759576185818549,0.008176725407362403
bayesian_llm_init,wide,2,0,1.0,0.1,0.007,1.714356015827887,0.1918330107604041,2.268600373664151,0.3381753388649523,0.8271703097299916,0.027890990001149262
bayesian_llm_init,wide,2,1,10.0,0.05,0.003,1.2419183720847984,0.1155446529298245,1.6666289094611344,0.1879249323028683,0.9060369057833528,0.015345941869319252
bayesian_llm_init,wide,2,2,100.0,0.2,0.01,1.2677358929552363,0.05829778260578471,1.6564633964175872,0.07949495993008801,0.9071189735490087,0.008587790629548907
bayesian_llm_init,wide,2,3,1000.0,0.3,0.001,1.1461383977273865,0.08430245999637616,1.4815789544872975,0.1020188912658425,0.9250550194092847,0.014615698833034752
bayesian_llm_init,wide,2,4,10000.0,0.01,0.03,1.6394482294590957,0.16478906691358655,2.225242871840732,0.2767204171874504,0.8337878627543024,0.0183302445626171
bayesian_llm_init,wide,2,5,100000.0,0.5,0.0005,1.3394225856121675,0.050370301870605545,1.7008739715992367,0.12761285423949126,0.8995758486017038,0.029483300651423756
bayesian_llm_init,wide,2,6,1.0,0.02,0.05,3.1809603644242452,0.29741509103516794,4.262037067007298,0.4689702660220943,0.3906433354349474,0.04236087246330591
bayesian_llm_init,wide,2,7,1000000.0,0.15,0.002,1.320128214947458,0.04583624975457187,1.6916213022978,0.04865033865802342,0.9022662944383635,0.015883049532126724
bayesian_llm_init,wide,2,8,100.0,0.4,0.0002,1.3338899736832552,0.1233695549889265,1.766154433153747,0.16484798661001296,0.8945941868035646,0.013587857184898045
bayesian_llm_init,wide,2,9,10.0,0.05,0.2,4.037791387284107,0.27329935887306706,5.148925823481553,0.4431861868493136,0.10895492120657883,0.013986323908716335
bayesian_llm_init,wide,2,10,6386.472737632707,1.0,0.0043306606787984064,1.2252445813379576,0.06805925950972085,1.584613666537845,0.08973111515823241,0.9140274306856881,0.018045530684644352
bayesian_llm_init,wide,2,11,10000000.0,1.0,1.0000000000000004e-06,2.4189642956087023,0.2253162828726843,3.262941072583078,0.5106311754241898,0.6168168958669554,0.1744890639570815
bayesian_llm_init,wide,2,12,2056.0176510090173,0.16284988865945782,0.004388268501025411,1.2612668175216508,0.06111226606696075,1.6305745971978367,0.059619311289645954,0.9095769117142861,0.012221073144601663
bayesian_llm_init,wide,2,13,0.010000000000000004,0.0,1.0000000000000004e-06,4.303748444877828,0.31178847163456025,5.493484702748714,0.4728074653588957,-0.014264408706742948,0.014639005969057638
bayesian_llm_init,wide,2,14,9.79527812185738,1.0,0.0010730881591009408,1.4159917977778829,0.12898060615457024,1.853409998298034,0.1932145693612127,0.8842512174067109,0.013265617205575226
bayesian_llm_init,wide,2,15,10000000.0,1.0,0.01694443650433728,1.490422046959891,0.0983698352994004,1.955926216931888,0.18231423467123947,0.8710818598365438,0.012245134793676936
bayesian_llm_init,wide,2,16,10000000.0,0.0,6.405808170279502e-05,1.8650894311133228,0.4379427976241221,2.4695210921031245,0.7586830095759216,0.7618949566597142,0.19240471855939373
bayesian_llm_init,wide,2,17,149.83462827877472,0.0,0.0008167917222483989,1.1378499921748493,0.10322764085901663,1.5402434089511055,0.14408715767412314,0.9191533987289746,0.01596015586272707
bayesian_llm_init,wide,2,18,248.3186980704069,0.0,0.0014364661044061183,1.125609708370351,0.10178240444647423,1.4909780954340432,0.1165061272852004,0.9242276360665436,0.01429382331464259
bayesian_llm_init,wide,2,19,10000000.0,1.0,10.0,4.336217514472261,0.2868701332635552,5.467978946157605,0.4300913679032206,-0.005784256315183178,0.008210536656304482
bayesian_llm_init,wide,2,20,5063550.554000824,0.8989644832909107,0.0024030114174794443,1.2221377120552266,0.05729299268719001,1.5736188760697989,0.08845321414817273,0.9150130654874683,0.01910710844051458
bayesian_llm_init,wide,2,21,130.85653031399633,0.5910409945301631,0.0034651177136341945,1.1879689627097774,0.06561318800354604,1.5365615885704478,0.09200597502546638,0.9191294849600083,0.017233254279535058
bayesian_llm_init,wide,2,22,1557.3381652271498,1.0,0.0006369447951351013,1.186938720511431,0.07260760490513435,1.5059683032671907,0.09604161572307825,0.9222735756953625,0.016584352079981914
bayesian_llm_init,wide,2,23,964.3035058739788,0.0,0.0005253950015955859,1.1248038171873431,0.1132031267109219,1.5103442845870347,0.15476328779103798,0.9214336971125995,0.02139458191547893
bayesian_llm_init,wide,2,24,561.3103276167013,0.0,0.0007652061433007497,1.1189944325351044,0.10753782725194637,1.4902977769160688,0.13124777185167638,0.9240773252225628,0.016276741193666212
bayesian_llm_init,wide,2,25,10000000.0,0.0,0.005850555295710144,1.285942293834921,0.07824779611883434,1.6596259462911576,0.07262969157532674,0.9066305682713287,0.009776706265658273
bayesian_llm_init,wide,2,26,9612.597395730038,1.0,6.935096058316335e-05,1.2027930982211585,0.10431260250827144,1.5706250633842387,0.12174124834033395,0.916013772610295,0.015017304958762835
bayesian,wide,3,0,906.1104168295186,0.2909047389129443,0.09058050932065913,3.0277789454838837,0.26024780378659784,3.9772928418726154,0.4195607430831849,0.4688391387554848,0.03723644841448307
bayesian,wide,3,1,395.775081297713,0.8962930889334381,1.7808554939832766,4.335222107960659,0.287236304917686,5.467710410954059,0.4307779757314465,-0.005667761104879964,0.007975615721745407
bayesian,wide,3,2,0.13497949350689967,0.05146720330082988,2.822930246072575e-05,4.2392641586559145,0.3089266142554128,5.414080869418067,0.472187700214447,0.014967233282499137,0.0164852334793238
bayesian,wide,3,3,92.74459153783982,0.4568332243947111,1.618577415102556e-06,2.9347702888004883,0.26663950281756443,3.804016480753517,0.4388332930274044,0.5147287586185807,0.037953814905902675
bayesian,wide,3,4,6954.988697066255,0.6762549019801313,8.90042978749123e-05,1.1637335315045225,0.10616206104514078,1.5451706440201398,0.128796356736077,0.9184710867684871,0.016757128828908476
bayesian,wide,3,5,2078.5733594690523,0.558854087990882,1.4718826181835138e-06,1.6946230736473713,0.14462964220014252,2.197345698668922,0.23824134712666373,0.8377563459152156,0.015286910578601001
bayesian,wide,3,6,2.1541305609552808,0.28352508177131874,0.0008048378255956442,1.8052460405834878,0.16237558359398852,2.345806875510422,0.276837538643196,0.8152166429814344,0.019753662664084397
bayesian,wide,3,7,17307.775958649843,0.15686773847496327,0.0012110888999683491,1.3616841938066193,0.0475524158617726,1.7261374250119341,0.046255775785892614,0.8980454008432552,0.017501722037108026
bayesian,wide,3,8,797.7028841697833,0.30636353237617975,0.2898700541054884,4.232919862336188,0.2762629198863925,5.351907393260398,0.43569105696089416,0.03678598282831243,0.009098150599925872
bayesian,wide,3,9,0.9945370239676917,0.9363836498604304,0.0005197551519779762,2.301544220518031,0.20845824123780723,2.985138013983817,0.36403999063378234,0.7010279703707905,0.030809898953591482
bayesian,wide,3,10,1437538.9922212043,0.8477452558233532,5.330532663754784e-06,1.1971258236653655,0.11193424608904823,1.575445201927805,0.13788506761709157,0.9151860598937362,0.018194129198401462
bayesian,wide,3,11,264155.7616400225,0.0,1.495989064841054e-05,1.1513960217686585,0.11524747557827462,1.5962559887596615,0.2510552662978308,0.9097827507041663,0.040205670172309006
bayesian,wide,3,12,431224.59283643827,1.0,9.602683779874454e-05,1.3521972527585597,0.10100516476526014,1.7991751760503394,0.3130892572234525,0.884066633675267,0.05889832784200677
bayesian,wide,3,13,1114977.7188867484,0.0,1.0000000000000004e-06,1.2837962566376846,0.09210776311972399,1.7126270601732834,0.1492451974865876,0.8995305918998773,0.02208848729956344
bayesian,wide,3,14,86105.58771296902,1.0,5.588789783717034e-06,1.279276850660178,0.09659220398612145,1.6866130332178209,0.12943988799342634,0.9034205241701396,0.014793284627064175
bayesian,wide,3,15,834.2822855796744,1.0,0.0011408718579748072,1.201826358933723,0.07158598171199426,1.5213207311598933,0.09580673846954783,0.9206131402283045,0.017342053405101154
bayesian,wide,3,16,598.2129673419226,0.0,0.0007875854094490845,1.1200920281371698,0.1070497909042281,1.4877949543001805,0.12795540391455554,0.92436059719914,0.015947823048369555
bayesian,wide,3,17,20173.48777589376,0.0,0.0001257882346950746,1.1447608276817873,0.14055240659050403,1.618527091411785,0.3760886271432254,0.9035880197483556,0.062363115072357145
bayesian,wide,3,18,10000000.0,0.0,1.7649539775545326e-05,3.1261654734417847,1.031046746546286,3.886510339755623,1.208415851310587,0.4535398453858129,0.3230000761307319
bayesian,wide,3,19,59807.835272131495,0.0,1.9355861786752443e-06,1.2922111135569958,0.10627372191972248,1.72475468152969,0.13719519407288508,0.8989622180001365,0.01607559832331127
bayesian,wide,3,20,513232.9536216041,1.0,1.0000000000000004e-06,1.2900889889651979,0.09858312654694672,1.7029262864231058,0.1311038731548081,0.9016207528972288,0.014453066659943002
bayesian,wide,3,21,0.010000000000000004,0.9986918779203239,0.24695897719365714,4.303595859016573,0.3056328034051615,5.477546368724398,0.4589802439966208,-0.008644843411625303,0.009870659065656864
bayesian,wide,3,22,43160.63029367837,0.437823398990373,2.2715063003832015e-05,1.1782508987438607,0.09739380173074648,1.5816749094664022,0.1272772116271205,0.9145391588874382,0.017545972500059202
bayesian,wide,3,23,16183.827814872604,1.0,0.00025166904703385873,1.2286050289475503,0.0913191944990388,1.5499892571213023,0.14868564546752985,0.9166453362754545,0.025123906241593406
bayesian,wide,3,24,99.31353195551385,0.0,0.0015897220865257703,1.1351054509812533,0.10086555087700434,1.519100029989166,0.1355305290744184,0.9214166485603524,0.014924093277222977
bayesian,wide,3,25,1768.6898447058015,0.0,0.00029362642748095716,1.1354067459564536,0.11772435819019096,1.5527363244588106,0.200110582056182,0.9158980447406092,0.030130599151635993
bayesian,wide,3,26,10000000.0,1.0,10.0,4.336217514472261,0.2868701332635552,5.467978946157605,0.4300913679032206,-0.005784256315183178,0.008210536656304482
bayesian_llm_init,wide,3,0,1.0,0.1,0.007,1.714356015827887,0.1918330107604041,2.268600373664151,0.3381753388649523,0.8271703097299916,0.027890990001149262
bayesian_llm_init,wide,3,1,10.0,0.05,0.003,1.2419183720847984,0.1155446529298245,1.6666289094611344,0.1879249323028683,0.9060369057833528,0.015345941869319252
bayesian_llm_init,wide,3,2,100.0,0.2,0.01,1.2677358929552363,0.05829778260578471,1.6564633964175872,0.07949495993008801,0.9071189735490087,0.008587790629548907
bayesian_llm_init,wide,3,3,1000.0,0.3,0.001,1.1461383977273865,0.08430245999637616,1.4815789544872975,0.1020188912658425,0.9250550194092847,0.014615698833034752
bayesian_llm_init,wide,3,4,10000.0,0.01,0.03,1.6394482294590957,0.16478906691358655,2.225242871840732,0.2767204171874504,0.8337878627543024,0.0183302445626171
bayesian_llm_init,wide,3,5,100000.0,0.5,0.0005,1.3394225856121675,0.050370301870605545,1.7008739715992367,0.12761285423949126,0.8995758486017038,0.029483300651423756
bayesian_llm_init,wide,3,6,1.0,0.02,0.05,3.1809603644242452,0.29741509103516794,4.262037067007298,0.4689702660220943,0.3906433354349474,0.04236087246330591
bayesian_llm_init,wide,3,7,1000000.0,0.15,0.002,1.320128214947458,0.04583624975457187,1.6916213022978,0.04865033865802342,0.9022662944383635,0.015883049532126724
bayesian_llm_init,wide,3,8,100.0,0.4,0.0002,1.3338899736832552,0.1233695549889265,1.766154433153747,0.16484798661001296,0.8945941868035646,0.013587857184898045
bayesian_llm_init,wide,3,9,10.0,0.05,0.2,4.037791387284107,0.27329935887306706,5.148925823481553,0.4431861868493136,0.10895492120657883,0.013986323908716335
bayesian_llm_init,wide,3,10,6391.491764617092,1.0,0.004337292586406414,1.2252656527007875,0.06804233929608704,1.5846740584024395,0.08970073958421382,0.9140218443738879,0.018038731979102794
bayesian_llm_init,wide,3,11,10000000.0,1.0,1.0000000000000004e-06,2.4189642956087023,0.2253162828726843,3.262941072583078,0.5106311754241898,0.6168168958669554,0.1744890639570815
bayesian_llm_init,wide,3,12,2056.2444889519784,0.16291150948406383,0.0043883234223238725,1.26124810177866,0.06110651506094907,1.6305606605871925,0.0596211001268385,0.909578325259554,0.012222479299547277
bayesian_llm_init,wide,3,13,0.010000000000000004,0.0,1.0000000000000004e-06,4.303748444877828,0.31178847163456025,5.493484702748714,0.4728074653588957,-0.014264408706742948,0.014639005969057638
bayesian_llm_init,wide,3,14,9.824613787249879,0.9999999999999999,0.0010731422777349757,1.4154752655985054,0.12906555733359304,1.8527792872569993,0.19325341499860232,0.8843291914483657,0.013275932765172653
bayesian_llm_init,wide,3,15,10000000.0,1.0,0.016943972752578435,1.4904096127422863,0.09837403150535129,1.9559088757923266,0.1823141746669632,0.8710840838469904,0.012245972946741393
bayesian_llm_init,wide,3,16,10000000.0,0.0,6.406938958432013e-05,1.8035334033814276,0.13186070440828596,2.5057762070234153,0.5317613757006548,0.7713796632166767,0.13861607741587764
bayesian_llm_init,wide,3,17,157.44848012389215,0.0,0.0008086286880775092,1.1370631152967519,0.10356734019310004,1.5387063095131224,0.1441662188041857,0.9193003711046568,0.016035690443951152
bayesian_llm_init,wide,3,18,251.06237360399552,0.0,0.0014226498737847642,1.1254417437097923,0.10201873913159323,1.4906819669591749,0.1166370490788172,0.9242588733042373,0.01428248379881298
bayesian_llm_init,wide,3,19,10000000.0,1.0,10.0,4.336217514472261,0.2868701332635552,5.467978946157605,0.4300913679032206,-0.005784256315183178,0.008210536656304482
bayesian_llm_init,wide,3,20,10000000.0,1.0,0.0014807844150023298,1.2340391148023515,0.05520421422773451,1.5663387055361846,0.07941268740049139,0.9159665677324839,0.017344202943169462
bayesian_llm_init,wide,3,21,132.4218481110248,0.6260427209743761,0.003664949535778825,1.1922448386961275,0.05905383742005902,1.5434942857597018,0.08740681289896032,0.9183960409747233,0.017200014756757517
bayesian_llm_init,wide,3,22,1515.2446403236625,1.0,0.0006448872885591226,1.1868809439870425,0.07275736691645555,1.5059236536527743,0.09569733427247569,0.9222838900534894,0.016540608037558545
bayesian_llm_init,wide,3,23,943.9561328249187,0.0,0.0005344196949648305,1.1244345103983573,0.11304654527295295,1.5091024310347554,0.15335272081185544,0.9215966040036367,0.02110223865891339
bayesian_llm_init,wide,3,24,560.0532421764134,0.0,0.000774100343482094,1.118839968793584,0.10744199298710413,1.4896542532030892,0.1305432083388877,0.9241535565276564,0.01617009499430219
bayesian_llm_init,wide,3,25,1094610.4085865763,1.0,0.0036383297418458977,1.2225984455372692,0.06824707354366762,1.578254930295229,0.09348545002780363,0.9146128721396038,0.018779806511405286
bayesian_llm_init,wide,3,26,10000000.0,0.0,0.005881469184413959,1.2855588538725269,0.07838423474893914,1.6593303103168129,0.07280433629560523,0.9066661911309858,0.009755280310716409
bayesian,wide,4,0,5049734.573422039,0.9726843599648843,0.006770577976842364,1.2581363492541144,0.060846407339907226,1.624954312018371,0.07969713700463146,0.9099653038551743,0.015565794325447618
bayesian,wide,4,1,27123.388404718615,0.21608949558037638,0.07657760371590867,2.7349066288483797,0.2715672295579176,3.63800694191891,0.41645124541490874,0.555729337476921,0.03936320464720859
bayesian,wide,4,2,6116036.843682678,0.25298236238344396,1.1056350207510567e-06,1.9762242024055172,0.31535337564459304,2.668095974875947,0.7887408660784817,0.7263148026153852,0.2228460649923175
bayesian,wide,4,3,81.86981172330121,0.19768507460025309,0.285548874393262,4.225224358737917,0.27621486917952953,5.34428828825227,0.4363624440619534,0.03955423932320079,0.009305124361806274
bayesian,wide,4,4,584708.1137378513,0.16384224140469872,7.652524703283059,4.329400993167012,0.28966414434502435,5.466760842505785,0.43515342117670536,-0.005209417887159206,0.0068121218756069715
bayesian,wide,4,5,2376.870362440141,0.3865712826436294,1.1558532105963547e-06,1.7126773860001419,0.14685892523766328,2.219026024791111,0.24064210197925875,0.834549263460161,0.015559853760849174
bayesian,wide,4,6,0.02497126372851433,0.43614664687979765,4.972453998028731,4.302700894810409,0.31144714529057077,5.491618134763632,0.4700491120085247,-0.01362715300139028,0.013607249390472111
bayesian,wide,4,7,3473727.6139655826,0.8662892985816985,0.3192580829784144,4.271272096515068,0.27755860778522184,5.390837736586449,0.4322970970655561,0.022577262738284663,0.008491783498361494
bayesian,wide,4,8,0.3618168542884843,0.6007427213777693,3.346879751653703e-06,4.281265889102637,0.30930042653866435,5.4614482019469595,0.4675775852568685,-0.002520493146684166,0.013524360050590324
bayesian,wide,4,9,0.32489995669988975,0.4084438601520147,0.13603829261757722,4.249147385287555,0.3087226985453387,5.435483629959714,0.4671938340614878,0.00703074819253271,0.013945776133128432
bayesian,wide,4,10,2089660.360920589,0.6408102587216343,0.0006505062845659189,1.291456295270128,0.0244826448601451,1.6263632548693956,0.06258211612019705,0.9092837688330475,0.018431267329581696
bayesian,wide,4,11,10000000.0,0.34284111423415414,0.0031506007306258683,1.2445714797359457,0.03936974969823663,1.6114951636913932,0.054272197214666175,0.9113124996228137,0.015104079750197636
bayesian,wide,4,12,492579.03566695115,0.7832718547055755,0.002705638411053548,1.2217253050484842,0.05411722226183119,1.578369655764488,0.08142282112149765,0.9145573751720445,0.01851736487585299
bayesian,wide,4,13,10000000.0,1.0,0.001750554795991485,1.2273031648685282,0.05834516441945812,1.565685976057998,0.0860168128121472,0.9159334956480356,0.01834593808463819
bayesian,wide,4,14,124038.14527849572,0.0,2.6277103837727295e-05,1.1495517842743124,0.11049347083657735,1.6034383125432055,0.2771334399477481,0.9081727945634925,0.045190610646199614
bayesian,wide,4,15,149043.29269332575,1.0,1.7497087121669232e-05,1.2052939748949287,0.11353968273174814,1.5595655833683468,0.13085560037768285,0.9168465032149384,0.017763811238945555
bayesian,wide,4,16,10000000.0,0.0,4.636514611117216e-05,1.918973473227626,0.42951865861562527,2.5470219333052664,0.728543984711209,0.749530422457385,0.18993180180449223
bayesian,wide,4,17,16537.493524907608,0.34215969174223004,8.662964817423042e-05,1.1324176554302003,0.1152709348792693,1.546833033334933,0.19360902777746966,0.9165173349174959,0.030465775723253808
bayesian,wide,4,18,22159.915540304584,0.29498313250009667,1.8591481498871914e-05,1.2168391706444743,0.09805750631575791,1.6403351197083282,0.13479873395888461,0.90836820016874,0.016609371175921196
bayesian,wide,4,19,48901.88805190565,0.0,0.00033120291477969373,1.3531760477205368,0.09824533976130478,1.7587500208552391,0.2022914351789095,0.8911691591319151,0.041585181814284916
bayesian,wide,4,20,70677.27460681005,1.0,9.64245577396981e-05,1.217757392191953,0.09662119611555615,1.5426339222353498,0.15224002916479984,0.9174770442009287,0.025044374572154023
bayesian,wide,4,21,56846.26832318609,0.31992347767935964,5.092989455675059e-05,1.1393980782336286,0.12832634472247062,1.569601869960636,0.2508888648429062,0.9126764959275745,0.04019715466312126
bayesian,wide,4,22,29607.8239705791,0.0,4.999245113977221e-05,1.1457127376493725,0.11180512697364511,1.6005038119323376,0.2548487818747408,0.909206047499764,0.041038432209068915
bayesian,wide,4,23,77886.81081012703,1.0,2.0579571684569032e-06,1.3137078244225688,0.1000025869825777,1.7308247265392338,0.13162965089524553,0.8984104466781095,0.014388622609907729
bayesian,wide,4,24,85792.96432317107,0.0,4.724555133724463e-06,1.2504969652564468,0.08955712764250932,1.6826986727109474,0.11695903612025951,0.9035062609373558,0.01691280441720639
bayesian,wide,4,25,1314.8657011015425,1.0,0.0004697456411439118,1.1681901382705857,0.1066834704704851,1.5025163284010028,0.11250568560709213,0.9227668356850032,0.01670153328042976
bayesian,wide,4,26,3549.6757714644277,1.0,0.0001670443111041035,1.177517247736726,0.10575231972580666,1.528553602319797,0.11796228265357066,0.9204178253353378,0.014559278448600062
bayesian_llm_init,wide,4,0,1.0,0.1,0.007,1.714356015827887,0.1918330107604041,2.268600373664151,0.3381753388649523,0.8271703097299916,0.027890990001149262
bayesian_llm_init,wide,4,1,10.0,0.05,0.003,1.2419183720847984,0.1155446529298245,1.6666289094611344,0.1879249323028683,0.9060369057833528,0.015345941869319252
bayesian_llm_init,wide,4,2,100.0,0.2,0.01,1.2677358929552363,0.05829778260578471,1.6564633964175872,0.07949495993008801,0.9071189735490087,0.008587790629548907
bayesian_llm_init,wide,4,3,1000.0,0.3,0.001,1.1461383977273865,0.08430245999637616,1.4815789544872975,0.1020188912658425,0.9250550194092847,0.014615698833034752
bayesian_llm_init,wide,4,4,10000.0,0.01,0.03,1.6394482294590957,0.16478906691358655,2.225242871840732,0.2767204171874504,0.8337878627543024,0.0183302445626171
bayesian_llm_init,wide,4,5,100000.0,0.5,0.0005,1.3394225856121675,0.050370301870605545,1.7008739715992367,0.12761285423949126,0.8995758486017038,0.029483300651423756
bayesian_llm_init,wide,4,6,1.0,0.02,0.05,3.1809603644242452,0.29741509103516794,4.262037067007298,0.4689702660220943,0.3906433354349474,0.04236087246330591
bayesian_llm_init,wide,4,7,1000000.0,0.15,0.002,1.320128214947458,0.04583624975457187,1.6916213022978,0.04865033865802342,0.9022662944383635,0.015883049532126724
bayesian_llm_init,wide,4,8,100.0,0.4,0.0002,1.3338899736832552,0.1233695549889265,1.766154433153747,0.16484798661001296,0.8945941868035646,0.013587857184898045
bayesian_llm_init,wide,4,9,10.0,0.05,0.2,4.037791387284107,0.27329935887306706,5.148925823481553,0.4431861868493136,0.10895492120657883,0.013986323908716335
bayesian_llm_init,wide,4,10,6387.546713856476,1.0,0.00433500502138616,1.2252492659592404,0.06805311441965313,1.5846419306993142,0.08971103652148821,0.9140248708977753,0.018041735487940833
bayesian_llm_init,wide,4,11,10000000.0,1.0,1.0000000000000004e-06,2.4189642956087023,0.2253162828726843,3.262941072583078,0.5106311754241898,0.6168168958669554,0.1744890639570815
bayesian_llm_init,wide,4,12,2057.1846786677397,0.16279381494231693,0.0043887427961771764,1.2612709315121193,0.06111465319881349,1.630583070521674,0.05961164551381182,0.9095760564396205,0.012220227547867136
bayesian_llm_init,wide,4,13,0.010000000000000004,0.0,1.0000000000000004e-06,4.303748444877828,0.31178847163456025,5.493484702748714,0.4728074653588957,-0.014264408706742948,0.014639005969057638
bayesian_llm_init,wide,4,14,9.827987869705803,1.0,0.00107335373935871,1.4153871614081766,0.1290770868338513,1.852670152532403,0.19324567505020127,0.8843424337573461,0.013278934381455986
bayesian_llm_init,wide,4,15,10000000.0,1.0,0.016945072865527867,1.490434411512238,0.09837624074477443,1.9559442963711273,0.1823214526892355,0.871079425878466,0.012246805047190225
bayesian_llm_init,wide,4,16,10000000.0,0.0,6.406987355350374e-05,1.968862866406928,0.19148602411672883,2.64750047218997,0.6084043022146031,0.7422359211848923,0.1651142923686539
bayesian_llm_init,wide,4,17,136.33445191486015,0.0,0.000827637246647299,1.1396981655050133,0.10225093288408685,1.5434306436732381,0.14328790957105664,0.9188486458263274,0.01577086616824514
bayesian_llm_init,wide,4,18,256.5161926097957,0.0,0.0014501706827650884,1.126013337633879,0.10061508118901566,1.4914863976192794,0.11535618777311175,0.9241767341031089,0.014258717076678432
bayesian_llm_init,wide,4,19,10000000.0,1.0,10.0,4.336217514472261,0.2868701332635552,5.467978946157605,0.4300913679032206,-0.005784256315183178,0.008210536656304482
bayesian_llm_init,wide,4,20,3062146.5550270043,0.9555238215252757,0.0023234106051582873,1.2208162131227334,0.06008237068227154,1.5706389537735526,0.09269030289988864,0.9152960328405164,0.019469933004421392
bayesian_llm_init,wide,4,21,1614.9478586774694,1.0,0.0006341818425873973,1.1878106638966677,0.07142497355696963,1.5068053970170199,0.0965571455264459,0.9221747641060987,0.01667014720077656
bayesian_llm_init,wide,4,22,141.3971125552931,0.6617128239882153,0.0034746563983340064,1.193202503559211,0.06102696111799988,1.5438063999911567,0.09006779698867956,0.9183088372926955,0.01769954775228137
bayesian_llm_init,wide,4,23,915.5635956625829,0.0,0.0005426486441143153,1.124195352115017,0.11276121724364538,1.5083737592310957,0.15227006724632822,0.9217024407501077,0.02085316092062331
bayesian_llm_init,wide,4,24,549.4908727096927,0.0,0.0007792987680987877,1.1188079278023237,0.10736726102785318,1.4896953464933917,0.13053627899983858,0.9241552368842241,0.01612693932233695
bayesian_llm_init,wide,4,25,439502.47951640736,1.0,0.005162357385815925,1.2337488638127094,0.0654462718203784,1.5962125070868043,0.08548117926373355,0.9128893587549818,0.017195499401432363
bayesian_llm_init,wide,4,26,7731.333456600918,1.0,6.864183271594684e-05,1.215219914672712,0.09817295986689532,1.5891696061046912,0.1199449836820098,0.9141194037420597,0.014365134431180197
bayesian,wide,5,0,0.9952645602089549,0.20671915533942642,1.2448761404461188,4.3025285102071695,0.3080097520745667,5.484738885036693,0.46446150679243253,-0.011193060548719736,0.01180292981708664
bayesian,wide,5,1,1851391.0990695271,0.6117438629026457,0.0026234834060648803,1.2308833430711779,0.041139631561404065,1.5905201695991327,0.06381648728257239,0.9133753416868065,0.017005465180010698
bayesian,wide,5,2,78193.50997633104,0.29680050157622195,0.004255258178706304,1.2404855638795889,0.050634435941389874,1.6069388813385745,0.0554993919163545,0.9120069911472068,0.013494893815216609
bayesian,wide,5,3,0.4892051923798943,0.73844029619897,3.674420719641911e-06,4.270983041130895,0.30718690576802743,5.445706271014577,0.46358169085853546,0.003196842782191456,0.012610421383079875
bayesian,wide,5,4,93.70936738890767,0.8799370312012789,1.282829900430899e-05,1.9511138958726026,0.17511360504813428,2.5241256215763945,0.2829112176214651,0.7859979823976303,0.020761859249082654
bayesian,wide,5,5,2.9293964972681836,0.29607993273364797,0.0007936794461570215,1.716266752852911,0.14964658372261244,2.229514109457699,0.2483579076340179,0.8330114335832743,0.01620589001946584
bayesian,wide,5,6,4561.326707315883,0.5999291966249876,0.011451560485934103,1.30635894531625,0.051643035499808476,1.7045668322326553,0.09517933245558159,0.9016389249534071,0.010181451401635727
bayesian,wide,5,7,2.4681528854877937,0.2535882057737875,9.835606934803837e-05,2.6502735258641636,0.2482143454047894,3.44695337561109,0.4159877906150152,0.6015454121078327,0.03700696922788855
bayesian,wide,5,8,8.873103128922477,0.1656128612012676,1.0212924105327953e-05,3.2636806979275903,0.2798999258733515,4.203250572605816,0.4526221556415863,0.4072963095009852,0.03595949828256115
bayesian,wide,5,9,4735597.270948613,0.18841465559593518,5.267287296954947,4.329592151932905,0.2895783495796174,5.46678075968664,0.4350069021021993,-0.005220339537358898,0.006844374705670435
bayesian,wide,5,10,14594.84992803033,1.0,0.00030168185987549225,1.2387685268932058,0.08283309561033388,1.5517325848673915,0.13220288451115741,0.9168405841171732,0.022275621997622227
bayesian,wide,5,11,10000000.0,1.0,3.1854390951483532e-06,3.4719636576833537,1.4927041842538809,4.274817615170421,1.7092529680723831,0.26008426270406176,0.7492599754903226
bayesian,wide,5,12,361.5789302589825,1.0,0.001266299615594227,1.1821392139941211,0.08693604555683955,1.5157963128181327,0.09724858239836885,0.9213180816022831,0.01691177537757353
bayesian,wide,5,13,59906.1616709082,1.0,0.003136924672044151,1.2204788219972993,0.06706952093132164,1.5739675541439735,0.09554333496942659,0.9149952549281448,0.01930881970332288
bayesian,wide,5,14,1060.5304993420814,0.250612322618582,0.0013368863150604981,1.189317863576313,0.06279945868762188,1.5092860432743342,0.09137598720798132,0.9220259688868282,0.01612158106788987
bayesian,wide,5,15,475663.5583286924,0.0,0.0006104537088729501,1.4633413392101455,0.031297024088660086,1.876900261995217,0.1037987820712493,0.8780498055780793,0.03179241115883102
bayesian,wide,5,16,850.7569319208635,1.0,0.00020114658979112474,1.233657554751593,0.09050606761966785,1.618171664152576,0.12142737557802559,0.9110146061621108,0.014246719894971411
bayesian,wide,5,17,2109.2764750958677,0.6428367348874566,0.002295073648055506,1.2343480989960003,0.040627441513172366,1.5909352180515008,0.06366429264805147,0.9133018311587353,0.017192602567572504
bayesian,wide,5,18,10000000.0,0.9999999999999999,0.010576949902617734,1.3405366750089576,0.05387958195552015,1.7383000064019132,0.09806372672200253,0.8974977275315155,0.013259838627193652
bayesian,wide,5,19,193.007659734765,0.0,0.0038845833267930293,1.2181143022243126,0.05910192019764462,1.5753910863068055,0.07813463266631723,0.915283404797063,0.015165930951346062
bayesian,wide,5,20,39.362933126709635,1.0,0.0037030657726526087,1.2087221966281427,0.10335677794623091,1.5742865964934434,0.11764971413972485,0.9155875026900123,0.015717501510119306
bayesian,wide,5,21,128.79650154738482,0.567543080388117,0.002055362785589263,1.1542791302298347,0.09840083621509174,1.5097011701585032,0.11021046632658206,0.9221601431904654,0.015951259496455192
bayesian,wide,5,22,10000000.0,0.0,0.006775595813248487,1.277216642889514,0.08264372281344233,1.6541319079719237,0.07732005475044677,0.9073119105960232,0.009211964513360484
bayesian,wide,5,23,4956.233415715134,1.0,4.684670524134762e-05,1.2707757718434372,0.10093057198810362,1.6716262573983625,0.13331595571995786,0.9051202929306056,0.014886991655099794
bayesian,wide,5,24,426692.4607294177,1.0,0.008115351246777805,1.2891807002752957,0.05829440900202712,1.6640101482683665,0.08207518090025055,0.905730796350683,0.015043110487938495
bayesian,wide,5,25,10000000.0,1.0,0.0017510717593843337,1.2273091031750814,0.05839167383774474,1.5656820418681097,0.08605240588434998,0.9159336799508593,0.018349242922446402
bayesian,wide,5,26,65.9662139695444,1.0,0.0014783068253719973,1.1975202332310162,0.11087135214848899,1.5687561086346782,0.12738455076251812,0.916066826764192,0.016949501089893786
bayesian_llm_init,wide,5,0,1.0,0.1,0.007,1.714356015827887,0.1918330107604041,2.268600373664151,0.3381753388649523,0.8271703097299916,0.027890990001149262
bayesian_llm_init,wide,5,1,10.0,0.05,0.003,1.2419183720847984,0.1155446529298245,1.6666289094611344,0.1879249323028683,0.9060369057833528,0.015345941869319252
bayesian_llm_init,wide,5,2,100.0,0.2,0.01,1.2677358929552363,0.05829778260578471,1.6564633964175872,0.07949495993008801,0.9071189735490087,0.008587790629548907
bayesian_llm_init,wide,5,3,1000.0,0.3,0.001,1.1461383977273865,0.08430245999637616,1.4815789544872975,0.1020188912658425,0.9250550194092847,0.014615698833034752
bayesian_llm_init,wide,5,4,10000.0,0.01,0.03,1.6394482294590957,0.16478906691358655,2.225242871840732,0.2767204171874504,0.8337878627543024,0.0183302445626171
bayesian_llm_init,wide,5,5,100000.0,0.5,0.0005,1.3394225856121675,0.050370301870605545,1.7008739715992367,0.12761285423949126,0.8995758486017038,0.029483300651423756
bayesian_llm_init,wide,5,6,1.0,0.02,0.05,3.1809603644242452,0.29741509103516794,4.262037067007298,0.4689702660220943,0.3906433354349474,0.04236087246330591
bayesian_llm_init,wide,5,7,1000000.0,0.15,0.002,1.320128214947458,0.04583624975457187,1.6916213022978,0.04865033865802342,0.9022662944383635,0.015883049532126724
bayesian_llm_init,wide,5,8,100.0,0.4,0.0002,1.3338899736832552,0.1233695549889265,1.766154433153747,0.16484798661001296,0.8945941868035646,0.013587857184898045
bayesian_llm_init,wide,5,9,10.0,0.05,0.2,4.037791387284107,0.27329935887306706,5.148925823481553,0.4431861868493136,0.10895492120657883,0.013986323908716335
bayesian_llm_init,wide,5,10,6392.754067746208,1.0,0.004335079847312884,1.2252491089959292,0.06804726413628359,1.5846422783847967,0.08971000201403304,0.9140247265638223,0.018042457769649096
bayesian_llm_init,wide,5,11,10000000.0,1.0,1.0000000000000004e-06,2.4189642956087023,0.2253162828726843,3.262941072583078,0.5106311754241898,0.6168168958669554,0.1744890639570815
bayesian_llm_init,wide,5,12,2055.8972483259154,0.16297219156200088,0.004388747400058449,1.2612292045645932,0.06109389102476643,1.630539407531191,0.05960743326222625,0.9095805841282217,0.012222623615158076
bayesian_llm_init,wide,5,13,0.010000000000000004,0.0,1.0000000000000004e-06,4.303748444877828,0.31178847163456025,5.493484702748714,0.4728074653588957,-0.014264408706742948,0.014639005969057638
bayesian_llm_init,wide,5,14,9.810780731680918,1.0,0.0010730702652929519,1.4157385342902036,0.1290166772535742,1.8530886558464552,0.1932183112145845,0.8842906580242376,0.013272507314251548
bayesian_llm_init,wide,5,15,10000000.0,1.0,0.01694347486985798,1.4903936776089755,0.09836025393930767,1.9558872451657208,0.1822943681712905,0.871086860493409,0.012244540703398938
bayesian_llm_init,wide,5,16,10000000.0,0.0,6.406153048808285e-05,2.112520256820177,0.39124035708603405,2.7707654008839224,0.6700729786588914,0.7149096903546768,0.19107889174316173
bayesian_llm_init,wide,5,17,116.48135946434984,0.0,0.0008336844983936473,1.1451067402373931,0.10064862700501556,1.5507678019223463,0.14387043081385872,0.9181409159794928,0.015456461572650172
bayesian_llm_init,wide,5,18,264.73859839017,0.0,0.001492894760983661,1.1269245938935213,0.09880697566335732,1.4922593157430408,0.113063387474126,0.9241045850570222,0.014141577011898675
bayesian_llm_init,wide,5,19,10000000.0,1.0,10.0,4.336217514472261,0.2868701332635552,5.467978946157605,0.4300913679032206,-0.005784256315183178,0.008210536656304482
bayesian_llm_init,wide,5,20,10000000.0,1.0,0.0017074545668880321,1.2283860504071034,0.057865597313204745,1.5657062903097008,0.08501880901325606,0.9159463387871405,0.0181982989687147
bayesian_llm_init,wide,5,21,1872.0126098123048,1.0,0.0006332162106433339,1.1937818604139714,0.0684721130974566,1.511147843207373,0.0987308408657515,0.921708639384315,0.016825958501964985
bayesian_llm_init,wide,5,22,140.58336957872996,0.6807468832129283,0.003635820311617071,1.1969522565110498,0.05912523116467275,1.5508815882014697,0.0877805078974834,0.9175782398935366,0.017632974656890416
bayesian_llm_init,wide,5,23,853.6502026008317,0.0,0.0005744721283037406,1.1230544537884923,0.1122815382762524,1.5043263123624542,0.1475676036465104,0.9222349840667331,0.019864219958563193
bayesian_llm_init,wide,5,24,551.1159791307376,0.0,0.000808949771076728,1.119333753136513,0.1069137709657682,1.4879589939587103,0.12821714210952181,0.9243644137582786,0.015799957930674707
bayesian_llm_init,wide,5,25,831460.704544134,1.0,0.0034313420592648625,1.221648405071905,0.06780233681706273,1.5765980281102652,0.09444539152792342,0.914760551411236,0.018994801915088476
bayesian_llm_init,wide,5,26,10000000.0,0.0,0.006277906332391717,1.2813406071319124,0.0804348754298865,1.6563463027383338,0.0749350334600894,0.9070304768826738,0.009498700481647955
bayesian,narrow,,TEST,1807.3168058404267,0.1568677384749632,0.0004258190531938,0.9713613459862401,1.3052615499509754,0.9238373890596498
bayesian,narrow,,LIT,1807.3168058404267,0.1568677384749632,0.0004258190531938,3.505780230808759,4.6729572422946175,-4.824424031256954
bayesian_llm_init,narrow,,TEST,400.3149438095445,0.0,0.0006030464699485,1.0428980388414824,1.4218277492990523,0.9096265824357217
bayesian_llm_init,narrow,,LIT,400.3149438095445,0.0,0.0006030464699485,3.2232127484017226,4.153177355991547,-3.600767911516848
grid,narrow,,TEST,223.60679774997897,0.0,0.0007071067811865,1.0603335940871663,1.4337530101132656,0.9081042515198694
grid,narrow,,LIT,223.60679774997897,0.0,0.0007071067811865,3.0880456672811034,3.957873415327417,-3.178237963082217
llm,narrow,,TEST,50000.0,0.2,1e-05,1.2157691172972285,1.6902307767858502,0.8722859301601572
llm,narrow,,LIT,50000.0,0.2,1e-05,2.5949228297236635,3.3494765723279234,-1.9924248982504262
random,narrow,,TEST,241.37816142758555,0.2361941283958635,0.0007466256930808,1.0225368559262802,1.3954969887402788,0.9129428307824771
random,narrow,,LIT,241.37816142758555,0.2361941283958635,0.0007466256930808,3.1416154926131883,4.065682738822787,-3.4089618650882505
