method,space,seed,eval_index,C,epsilon,gamma,mae,std_mae,rmse,std_rmse,r2,std_r2
random,narrow,1,0,254.1174344238081,0.14415961271963373,0.03278964410553163,1.7195374633846512,0.18284934741427464,2.3304979988789625,0.3030236352495024,0.8177147239215458,0.022037542425907282
random,narrow,1,1,28686.350252438482,0.42332644897257565,0.0001423820322400467,1.1603775592928207,0.0991874549643237,1.544808959209545,0.19185426110986997,0.9167016924939689,0.030712144995581614
random,narrow,1,2,7750.855865968446,0.5495936876730595,0.00032629869076029,1.1769239211415852,0.09388610457395091,1.5128374718634823,0.1275617457771169,0.9211593441817607,0.02073623723040216
random,narrow,1,3,1.347409008019633,0.5381433132192782,0.0061266403502417835,1.6184905123875217,0.180080341923773,2.145337949826647,0.31613146844257056,0.8453727368225585,0.02487592305570779
random,narrow,1,4,35.432308232717006,0.303194829291645,0.008248483776334985,1.23241669963152,0.06867451408905915,1.6152819601115573,0.09814099555004241,0.9117525251437331,0.00859967150687652
random,narrow,1,5,135.198844453213,0.40311298644712923,3.1319600767471384e-05,1.6071519567186594,0.1389814770760685,2.0854014958281675,0.21765537843922586,0.8537332229542363,0.014301803795805326
random,narrow,1,6,9.037120500138354,0.7503646726300526,9.338759216613932e-05,2.0487236848279933,0.1933705125206315,2.660749669201114,0.3218181948474994,0.7623462057615354,0.025787135202072355
random,narrow,1,7,20.779368396194464,0.9807371998012386,0.0006233139702698201,1.3877420197369874,0.12085237646173899,1.814642884607305,0.1752192304357064,0.88894173709811,0.012514008946087988
random,narrow,1,8,33021.614835573266,0.5412268555474342,0.004797072148647243,1.2151327471558866,0.051731820338357964,1.5858864928152498,0.060451282246348756,0.9141965635904044,0.014442980011760535
random,narrow,1,9,20.003383548584335,0.9699254132161326,3.928682764722621e-05,2.088845778721561,0.19640036143943082,2.7079216360061187,0.32698225821228843,0.7538636202903982,0.02621369143080094
random,narrow,1,10,266.06687186553927,0.6234897555375004,2.6827699002578254e-05,1.523029374498445,0.13047950265635727,1.9776700238688238,0.18802917228524565,0.8683381924267854,0.011494668676782028
random,narrow,1,11,4462.8332199122715,0.9172977047909027,0.0018513171450493132,1.227161993419222,0.055355053889321125,1.5725048387560192,0.08153060219223363,0.9152060607111089,0.018257951132462577
random,narrow,1,12,1.534778616943961,0.4593358828854037,0.000902060839268605,1.8909959351195333,0.1723674315900735,2.451512359692992,0.29644436185579326,0.7982671120416661,0.02170228691766808
random,narrow,1,13,1.9632644481107333,0.8526328384806567,0.002356425211267515,1.6076937937291338,0.1485865207504478,2.100276188902414,0.24683082966164765,0.8518173208766429,0.015508552378619766
random,narrow,1,14,611.2404100711518,0.8398815210314088,9.164159880029861e-05,1.2990688109260078,0.10705520835295433,1.716100604848831,0.14256329761717684,0.9002539802349239,0.01378461961736052
random,narrow,1,15,247.80260332312648,0.7530302077021779,0.0007758230154854577,1.1518498466940383,0.11327460814150755,1.5158262767431119,0.1249542247567088,0.9218847707926093,0.013632585580754116
random,narrow,1,16,4.95542844164573,0.6832869060032571,0.01075906791086817,1.3858547290362078,0.12631659412701077,1.8377378061932081,0.24191307692503744,0.8863389127393845,0.016716252336315508
random,narrow,1,17,4995.108417040857,0.80236416113453,5.1142598991734135e-05,1.2400362793979396,0.10319138711899832,1.6440789736947117,0.13813644640162054,0.9081809865769441,0.01513693068712182
random,narrow,1,18,7.9254766292091325,0.8552269742870702,2.0029065435363316e-05,2.9222210439286704,0.26205630142891695,3.788060857622957,0.4277176073675091,0.5187122310122025,0.035473535137410715
random,narrow,1,19,11146.674359358241,0.4719097193587902,0.01746965898000131,1.4149944049808216,0.09301020464455166,1.8730013974326738,0.16687029986248988,0.8819182343828065,0.008024028126205937
random,narrow,1,20,19.39747308044696,0.6457208955749478,1.0622639944719572e-05,2.750733344233807,0.24929347662814916,3.571225797091182,0.4163288732782487,0.5722448862300782,0.035780294408171494
random,narrow,1,21,2414.5299619987877,0.28187782736454214,0.012323823460095383,1.3019074674319087,0.06496024689727538,1.7043695635511806,0.1015619824614861,0.9018456270969045,0.007840196473014566
random,narrow,1,22,10.263694385402012,0.8050548331450097,0.0023166882591783553,1.2842686469283973,0.11542330976275739,1.7112375066926648,0.172952190854176,0.9010408177524866,0.013879346819891376
random,narrow,1,23,33748.97020284013,0.48221238819933654,3.604017014726869e-05,1.15718969341469,0.1023311988077324,1.5544354974088939,0.13416044610559125,0.9171104534877216,0.019790363770398778
random,narrow,1,24,16004.532726499663,0.5895020620840481,0.0003661146935719423,1.2582831607129443,0.08636125459222024,1.6177406665192027,0.2133085399706909,0.9077571923941539,0.03747596478696425
random,narrow,1,25,1.3034097306955097,0.9190886196338225,0.003098189100157305,1.6917101611171965,0.16173097821114435,2.203569336472579,0.2811508366097624,0.8369860576564363,0.019341351757604125
random,narrow,1,26,7677.634306931424,0.6603553805205233,0.018858750062664072,1.4685753488916797,0.10559740063226121,1.9501914444469406,0.19214440472907743,0.8720622033746913,0.010252278971163625
random,narrow,2,0,16.95538172088236,0.8142257405942803,0.0001270895336421798,1.7799245695446184,0.15360957175458964,2.2998334268843115,0.2572992914851872,0.8223632006636092,0.01678538126189683
random,narrow,2,1,2.7033996610932634,0.7285605268117946,0.001658646532504751,1.576398965104889,0.14248117814101485,2.0610787657798126,0.23473990747606974,0.857321069922994,0.013603140276064601
random,narrow,2,2,7.637329141349112,0.2749693679060381,1.59950543581936e-05,3.0735836344087994,0.2674831662913145,3.972410096621117,0.4357259556252486,0.4706876573447035,0.03453740135601182
random,narrow,2,3,1228.1686762761303,0.15006226330533612,0.0012017214720200903,1.1706090459108822,0.06736253408396882,1.493637050295834,0.09079511013297495,0.9236636089694692,0.01563074477350784
random,narrow,2,4,107.87457779029765,0.4227846732701278,0.0029902715673057086,1.1602461293093818,0.09039079852189674,1.520016251716736,0.1111969294719579,0.9210370051830108,0.016561292315740953
random,narrow,2,5,944.7447765520188,0.6830648223096253,0.03788929891613948,1.9502545545688044,0.2228046442074135,2.5939680834348,0.35237485383204387,0.7741057988896958,0.03035352687463938
random,narrow,2,6,69.22027870712948,0.3459606655717331,4.927670257184549e-05,1.6532774935461334,0.13862185671936011,2.1446117788954617,0.2247935211979047,0.8454098126881734,0.013810054249620191
random,narrow,2,7,252.04824629272932,0.7755639424726894,0.019795062318286222,1.510785347664808,0.1158738714229774,2.0056263887293255,0.20760936701661833,0.8646997670865992,0.012121841396078492
random,narrow,2,8,31.25801053948597,0.4709098854157575,0.026221080128825618,1.6132331711361658,0.15854585345048625,2.1651227039230774,0.26414028376301785,0.8425883594619676,0.017156873868335754
random,narrow,2,9,1819.499706014484,0.1045435584329415,2.4920492341970905e-05,1.3196402670714467,0.12109356719967825,1.7522673728063278,0.153568814148151,0.8959952761168193,0.01503750863216483
random,narrow,2,10,8.88703804962547,0.6798114614845836,0.018687569176567158,1.4939875971273682,0.1348808792777609,1.9935988282734862,0.2601857087915083,0.8665143736335361,0.017015830545506518
random,narrow,2,11,9784.440830094407,0.40654239767553646,0.002419638184348129,1.2518860298390138,0.02949955442110789,1.61473842568215,0.058202948288590205,0.9107931066703475,0.016483998199921714
random,narrow,2,12,267.5379771714384,0.8621179849076281,0.0015672193006325901,1.1716922499094058,0.09433224619477316,1.5137662616353342,0.1033249593241255,0.921393980202458,0.018165978945452046
random,narrow,2,13,114.55753262471778,0.6137169384025872,0.019969601728293533,1.48592921231729,0.11375573540733472,1.9787935996865802,0.20410782020937288,0.868349642854574,0.010931926908938213
random,narrow,2,14,7890.77314903401,0.6925181318299735,0.0006954956333276439,1.2623071343624415,0.03772669658979765,1.5795919038960275,0.07695861877129752,0.9144051966764997,0.017705398498487058
random,narrow,2,15,39.180508323766134,0.21622339101901444,0.0008588690510578069,1.2231471505987002,0.11497493596505065,1.6401244012642362,0.15829140642257108,0.9088668078083904,0.014262190111237555
random,narrow,2,16,2.9730567915776063,0.7019494763859895,1.3892983458319739e-05,3.7217783704049388,0.29115743623923673,4.76962020680199,0.4627123540302345,0.2362215332031365,0.02889405859378185
random,narrow,2,17,139.55769781428356,0.8351832046922797,0.02092626313306562,1.5511590010759881,0.125096948393579,2.0565730675575082,0.22352945256206017,0.8577737653978932,0.013839250354953588
random,narrow,2,18,64.49862936930184,0.5920620110783646,0.03995844351604324,1.9800297313936297,0.22855766946247075,2.6403520239682665,0.35923819202174784,0.7659824905655249,0.031307404701077485
random,narrow,2,19,3970.660177979739,0.19616991196827194,0.0003207744122889575,1.129195324844447,0.12356646970840084,1.518006027871012,0.17037156681535168,0.9202109287527568,0.02540105899161582
random,narrow,2,20,6.414680665884677,0.6038055172624386,4.680329138972103e-05,2.5381868717223024,0.23581155689543054,3.304208167353478,0.4025557528122963,0.6338817098480094,0.03493233257086357
random,narrow,2,21,3.3826604654854338,0.8329969641884205,1.1848115050119865e-05,3.736808721901545,0.2885986962668603,4.784976331624575,0.4581638998436454,0.23121494421752492,0.026851196070869603
random,narrow,2,22,2.931769762047865,0.4884985730839694,0.00046419310088462954,1.8875182059154452,0.17557415410927904,2.4473405801217054,0.29848207576445374,0.7989563963365395,0.022225412775939857
random,narrow,2,23,821.5640771740516,0.9373431437289681,0.0007317023538754564,1.1688684247805399,0.09913787560208172,1.4986340602162431,0.10505199580906587,0.9230704503867349,0.01696395648676583
random,narrow,2,24,3358.08038728373,0.6172721367052832,0.0013333198481024003,1.2511784633379381,0.018659068916807218,1.5824429584120037,0.04257063307036396,0.9144295334618825,0.014495645248898157
random,narrow,2,25,240.0326195324206,0.2266260633591367,0.03703607819484465,1.8342096760725126,0.20476345253538814,2.4783378588509537,0.3339843371187339,0.7938675185617836,0.026728201731438445
random,narrow,2,26,1728.6929053618635,0.04201178906868608,0.0011305400829980893,1.1831852735103978,0.06073156735842562,1.5132069490829594,0.07693347268052005,0.9216829841891936,0.0151397929886519
random,narrow,3,0,2.526171710206267,0.8012744652063969,7.515449494844694e-05,2.819690343918927,0.25513273525517915,3.6573440618898507,0.4217474432720102,0.551392418460743,0.0356687078989647
random,narrow,3,1,543.9537124443467,0.4331269402364738,2.229353940701263e-05,1.4403015696634982,0.13003918538822393,1.884124605866451,0.17385995976073182,0.8803207116680772,0.012222463788909222
random,narrow,3,2,178.2574462726951,0.7345771514092145,3.898247901448963e-05,1.5273712782724347,0.13104369921757994,1.986902712364465,0.19664003126432483,0.8671866443798846,0.011594078957126358
random,narrow,3,3,3.4209081360776623,0.5167401826213637,0.00027998923986402856,1.9977216694717839,0.19131322582007065,2.5964462016274,0.31849845614024314,0.7737020204551098,0.025421082059283652
random,narrow,3,4,105.56213152079107,0.7378377872921602,0.0014809838218101687,1.1554576669996468,0.10515279643299812,1.5184110304866651,0.123113756259522,0.9215632578798578,0.014156592986116212
random,narrow,3,5,31150.939303556872,0.648547207079825,0.00011252566285171252,1.1503428471010195,0.09251943127393583,1.4930488015854066,0.12663739441207592,0.9234513462789667,0.018857920898170837
random,narrow,3,6,1868.521437620178,0.0014900835088361708,0.00012099439999219045,1.185238156722401,0.0955075110612885,1.6054861535435243,0.1389380533886558,0.912081228545621,0.017292837903235988
random,narrow,3,7,37519.81009425896,0.3139860020343368,0.0001269922369209584,1.1685840186947811,0.11526242479678658,1.589118639209774,0.26138856371905733,0.9102787661145602,0.04281761896967371
random,narrow,3,8,15492.573762051801,0.47130966518183137,0.0014604952952612488,1.2675175144259048,0.016529494338578803,1.6169494408097846,0.04401931228750736,0.9106680054772027,0.015012818987884185
random,narrow,3,9,4301.356843173893,0.7069650956556235,1.2949379900185589e-05,1.338691401531643,0.12126098686221018,1.7689368546981605,0.1540116108155313,0.8939525443308408,0.015719830109795472
random,narrow,3,10,57.35358213376421,0.6605000674278948,2.1680109035557898e-05,1.929373206635244,0.17842801957345977,2.504091554192393,0.2902499923028324,0.7894202702380728,0.02179114888026241
random,narrow,3,11,23818.845837825793,0.630090199785343,5.8397454356322866e-05,1.1458548378074482,0.11263624390456307,1.5289088266379713,0.14296325571791427,0.9196178918328227,0.02099760034654872
random,narrow,3,12,25.18021415408262,0.7221648081421175,0.005542882981566781,1.2169286364025502,0.08631256074000213,1.594905870983274,0.1117715466972293,0.9137239141963824,0.012292126100722124
random,narrow,3,13,10.659509464496086,0.6576522108732432,0.011741583067590962,1.3452292156001122,0.08380118301547494,1.771789083002865,0.17484682449249736,0.8943001779456987,0.00983326188400039
random,narrow,3,14,1616.038068245964,0.42857290429846195,0.010800294581359048,1.280147615870548,0.05232585728224145,1.6731251650613281,0.08567711084515237,0.9052143280103628,0.009544836646095668
random,narrow,3,15,3673.958142695959,0.1023199219220744,0.01776118150698423,1.398925334716649,0.0955677822026979,1.8490854544913102,0.16158179377615625,0.8849299549096041,0.007033503455215485
random,narrow,3,16,9840.925145670144,0.47968392351227496,0.00028650050201953095,1.1764669257239386,0.09844491830272019,1.5276135712805567,0.15138618475296825,0.9192457293976334,0.02431408413006642
random,narrow,3,17,4.871040650144779,0.291978615987851,0.0038322876552486194,1.323457997752561,0.13184715639753342,1.7681068581667112,0.2080340162886828,0.8945764189115335,0.015058421857073208
random,narrow,3,18,12401.000770518041,0.5618097187308899,0.00010437621892505372,1.1272749915706801,0.11330260279352995,1.5010188608659871,0.13804593651301286,0.9225407545632371,0.020131404150446768
random,narrow,3,19,75.50445813193042,0.19663923977212372,0.0018498385507141446,1.1330718092105212,0.1082551231602929,1.5165056558067476,0.13694987574020195,0.9218040211267542,0.014248976954995964
random,narrow,3,20,7.03340695548658,0.7522234183692774,0.005789141487843407,1.2836006945028307,0.11004173239020337,1.7009722488375172,0.18483662084603675,0.9023535920118615,0.013480759117114088
random,narrow,3,21,461.5428475584084,0.20577504822901882,0.025529722716717836,1.559773544713822,0.14414210164212604,2.1028933789206095,0.24578857367094895,0.8514908920413564,0.014728291117783813
random,narrow,3,22,9962.2826897456,0.9643577208942796,4.217732146162208e-05,1.242996128905944,0.09849330597012466,1.6349316482755634,0.12567505840228127,0.9091420913064743,0.014889422477881796
random,narrow,3,23,852.5373629525077,0.9705587631326238,0.0017572960302866965,1.2175825702372787,0.0512866891204233,1.5478176661525977,0.0886460287682276,0.9177390311408189,0.018635857066686187
random,narrow,3,24,4991.638371268212,0.054093757870965264,0.008353741840820335,1.2631363091784897,0.07851316077984588,1.6464874234833686,0.08115758050475562,0.9082231942179115,0.00872083690193351
random,narrow,3,25,54.358226051639214,0.1935275814655144,2.0607400698123896e-05,1.952192350401214,0.19394196531784916,2.547018933511081,0.31715723345171626,0.7822762733541021,0.025053097341585027
random,narrow,3,26,10.114736518033038,0.1267549797183054,0.014999982471274575,1.3686184827247794,0.12341942680709822,1.8301624198639561,0.2282716895036545,0.8874915371105303,0.013175328003417374
random,narrow,4,0,27001.777389280673,0.9762437057077041,0.0007787270850782464,1.261374145776931,0.03694464503804399,1.5823169023941908,0.06897366838985923,0.9144078732298713,0.015837715367907762
random,narrow,4,1,2.3979827328756143,0.37648658437727256,0.0017643754428957666,1.5840198276642565,0.14904003033020433,2.067292579835855,0.23614287958092647,0.8564027917880036,0.014573207215078344
random,narrow,4,2,5862.862623447389,0.8716352741876564,4.421535913076629e-05,1.2518866587459208,0.10316144479292444,1.6567167786504329,0.13714886869251422,0.9067273785803012,0.015554444832697122
random,narrow,4,3,359.71978594015013,0.4771535238392063,0.02174034928784022,1.5068922973277998,0.12515222044278013,2.01513740063514,0.218664349427261,0.8635542010192825,0.011830157454756499
random,narrow,4,4,105.41176763817445,0.9841529999311214,0.008284956704294964,1.2914266146415372,0.056111501395496845,1.667504297811983,0.08047107868382518,0.905357253162238,0.014809713494446763
random,narrow,4,5,54.617322947229745,0.9290263877654195,0.03837546225207707,2.02411185433262,0.23291055398537092,2.669516682864576,0.36138504110012887,0.7607301702629367,0.03213283133222011
random,narrow,4,6,6.838677607648154,0.7048647455647425,0.0017869971826283252,1.3673848813738665,0.12587303031654992,1.8099491771786496,0.1910441324838022,0.8895188036314827,0.013909920902851062
random,narrow,4,7,26928.13080235862,0.13339575545169313,0.0028989906758709197,1.2934957769337931,0.05152399689264523,1.6681471531634666,0.050971534037423126,0.9051331622597096,0.014381108252840318
random,narrow,4,8,218.5067778251954,0.5002261893487459,0.0006697071865873019,1.1423137936228016,0.09994458401780243,1.5294311876020668,0.12769350606673477,0.9206710056546971,0.012052406232081985
random,narrow,4,9,31941.06621639619,0.22377114677821597,0.00019697356505226054,1.189482977513243,0.11858095065350571,1.6398689517103577,0.36587980416739957,0.9013708007272767,0.06238830582168619
random,narrow,4,10,283.96915102227644,0.9391070534240088,0.0023532713927769226,1.204618326238966,0.06718160947305639,1.5440320504794705,0.0996097113612012,0.9180476937045039,0.019711588570526718
random,narrow,4,11,543.0937304809742,0.9297746953080669,9.788309135811103e-05,1.3008283830011698,0.10401987043723698,1.7144045639406655,0.14051907147281018,0.900423636236798,0.013868202272907974
random,narrow,4,12,204.45717827042012,0.4760389104754019,0.0031605824795281835,1.1951713508826538,0.05749938195999447,1.5371738153507735,0.08995671066137916,0.918977445498942,0.01761381126502302
random,narrow,4,13,10.46122723285621,0.7706304830917438,0.003645266125556642,1.2470617948055733,0.10873378797153425,1.6599543613976244,0.16313286437023247,0.9068171180029637,0.013437984110685258
random,narrow,4,14,7.879696013127687,0.3618150599019092,0.0005025919586096943,1.5741378420701098,0.13347614142065664,2.0501533365754026,0.21104496206607945,0.8586448637579199,0.013038412792561934
random,narrow,4,15,6.342409813175735,0.9625074113263784,6.588296716478884e-05,2.368454651577631,0.21208712973789112,3.079952196633701,0.3708696424129701,0.6816802889151112,0.0322236369852039
random,narrow,4,16,14286.886572462396,0.7394732431350439,0.00025946931064303546,1.201537117943484,0.095717222544616,1.5260653053317896,0.14400131505210653,0.9193239357078001,0.023886852474406993
random,narrow,4,17,1.5747316193313172,0.5371708512141022,0.024253205110889905,2.0386688116357123,0.2528427970859617,2.747511856178226,0.4456027287053904,0.7467717373002851,0.044713383103570516
random,narrow,4,18,7151.77436547617,0.37612381317906773,0.00010487871020669155,1.1361663736564789,0.10455017844441754,1.5357151342521551,0.14165391415664025,0.9189384092653343,0.020816026756901765
random,narrow,4,19,43.19634442628202,0.42945988292273374,0.03953895272432729,1.933186889788735,0.22231248797272543,2.5928823727131114,0.3528198179313714,0.7743444413423715,0.030030028843592155
random,narrow,4,20,222.86465587631935,0.9031955883507381,0.034366664795401014,1.915053708274968,0.21378273347345025,2.5318197321148554,0.34053625952942695,0.7847430998956569,0.028861679328979192
random,narrow,4,21,71.80299160733003,0.8070479361350381,0.00013705905265556923,1.4613193332755867,0.12796962748353113,1.9038987289509965,0.18383441763776068,0.8779708693827848,0.011102082160145374
random,narrow,4,22,3.198937662626308,0.8764338171832751,0.000282289697147126,2.0318177178192545,0.18508722626999016,2.6300809460278036,0.3170157543225427,0.7677783946931225,0.02511292966814384
random,narrow,4,23,20510.402446937685,0.07872015051065484,7.305025133623505e-05,1.1382368117675692,0.11891631468749557,1.5895112002495917,0.26736737451525644,0.9100828238714526,0.04291679295720136
random,narrow,4,24,5029.303990506842,0.23750481762383724,0.0019949793894284105,1.2942045103450628,0.039374214825507306,1.6585419279615519,0.05229995538491543,0.9060262755279413,0.015654206360815808
random,narrow,4,25,238.32902977033888,0.7000873205228134,1.8372737123909345e-05,1.6168856946285177,0.13352065889828876,2.0976684889630226,0.21800760061141053,0.8521180748675189,0.012632445692623166
random,narrow,4,26,298.58440309683596,0.08816937300957906,0.004040836832846592,1.2534338202501187,0.0480349730098053,1.6122193072877202,0.05717978534960195,0.9113766810986877,0.013802103621355264
random,narrow,5,0,6062.958451345071,0.515325561042142,0.00973977101303782,1.2681901159040638,0.048798543597882466,1.6551906203590654,0.07860673584036736,0.9070870427529993,0.010921687495038126
random,narrow,5,1,22.027850089659438,0.38336888078551823,1.5830260092748248e-05,2.4475140027651885,0.22332817594403775,3.183644819381673,0.38588730426594997,0.6600515364395333,0.03269869837747511
random,narrow,5,2,83.0621828092802,0.04875771072716806,1.4705221962386768e-05,1.9210609495175106,0.1955053894036503,2.501217387836992,0.3164898583742181,0.7900306482146812,0.02528356394294949
random,narrow,5,3,49556.268091096186,0.23451020166982395,0.002588771838247927,1.2749064158430472,0.044655257542413763,1.6433042556720554,0.053655247426750284,0.9078069690805574,0.015155926473586729
random,narrow,5,4,110.61282938565937,0.8976776081085488,0.040131510607208945,2.0589412086885366,0.23881608380890904,2.718491891632267,0.3677297349686014,0.7518938378281476,0.03306594592486137
random,narrow,5,5,9268.646578548105,0.4930230187317426,0.0002828089067350188,1.1715447347522912,0.09692314327649519,1.5208303793554856,0.14219929584989643,0.9201529512816311,0.022702364802564975
random,narrow,5,6,1512.665725125383,0.5555961169207234,1.6784461468427568e-05,1.3671870637774206,0.12834947466197807,1.8048118712825887,0.16423395857434492,0.8898901600797208,0.014263218714199147
random,narrow,5,7,18.860054670651518,0.06421443731219101,0.017939209612061566,1.4192547115348115,0.11084160155937901,1.881762569856182,0.20044182370565145,0.8810535222894513,0.009234327094537167
random,narrow,5,8,1554.0094347192176,0.2273185251609081,0.016536030750139458,1.3787868339243652,0.08870802000862808,1.8187675192718822,0.14948888701265886,0.8885967850003453,0.006870712536140583
random,narrow,5,9,16131.859001017703,0.01851721767021075,0.016835455615807838,1.3847735933775667,0.0945305948867404,1.8225535641501196,0.15191124267116304,0.8881699730856074,0.006418834761554698
random,narrow,5,10,2111.0593789227805,0.5033639655536645,1.0102703182524506e-05,1.378495380821796,0.12606429609337155,1.8172464582647305,0.16221478223709382,0.8883897780695593,0.013961675883808125
random,narrow,5,11,112.69000030238354,0.32494264457560607,5.647108656103494e-05,1.5317393264564791,0.13335353445315803,1.9899484829753433,0.19476052018152346,0.866697291169672,0.012635421430604752
random,narrow,5,12,6143.016156363892,0.1490385835335558,0.0001480971766442578,1.1344473569001914,0.117223302691961,1.5636131829174291,0.2109252733573027,0.9144324291068566,0.03285045976504279
random,narrow,5,13,1915.520879265996,0.798939490963134,0.0004561956862798514,1.1519063466364063,0.10189174300333655,1.4818094844885865,0.10727250824321065,0.9248868819279312,0.01609391465284118
random,narrow,5,14,12.784530052997088,0.7998795260549534,0.0001523610104339584,1.8038127205217513,0.15541951470492044,2.3310603804069445,0.2617889426188376,0.8175174940426999,0.017284948545228173
random,narrow,5,15,241.37816142758555,0.2361941283958635,0.0007466256930808718,1.1214847987046714,0.10407768785841395,1.5127547202739078,0.13033905562559717,0.9221608081931858,0.013906097432683921
random,narrow,5,16,1.1703224751460821,0.08582579108682997,0.028311782565686158,2.335594472224252,0.2815304201762612,3.1406767860770683,0.4603680362458244,0.6693044343879078,0.04791621235571179
random,narrow,5,17,9338.684341444368,0.9510229811957994,0.0002294984825977863,1.174310363495278,0.09851250871038443,1.4923390573000046,0.12049497499187117,0.9233767481111217,0.01920490730967652
random,narrow,5,18,75.31601324364827,0.5561597755338971,0.029098533196497585,1.6986588538597238,0.176560870138021,2.276585808704311,0.2922053879805858,0.8259825160421489,0.02105784098584048
random,narrow,5,19,13.439673081286305,0.6743897148867628,0.005527089765234071,1.228428413198171,0.09580546477467636,1.6180913463258306,0.14044007208789044,0.9113775761761838,0.012440734936166889
random,narrow,5,20,1640.8155750086382,0.2218885591644547,0.0005196038917731873,1.1257265501651017,0.11178380214157216,1.4954626796432853,0.13260963991319696,0.9233693554445326,0.018123681690756104
random,narrow,5,21,1027.4448021646235,0.6922222746448299,2.4895498907585276e-05,1.3739491345761552,0.12599579945690526,1.805692734924468,0.16304405698953459,0.889825319110016,0.013692544724188047
random,narrow,5,22,967.5279367283267,0.7985233458061055,0.0002470065890066529,1.1773536217070866,0.10014969776774495,1.557934602927504,0.13004197371053652,0.9175851371895932,0.013258448200321597
random,narrow,5,23,8.160558676774677,0.797933886097021,0.00027816072528094105,1.7552733888121341,0.15056975807802203,2.2711861334424475,0.2549747005857011,0.8267909004928395,0.016004032576428188
random,narrow,5,24,61.35392541407792,0.6125178041653119,0.0043482994518442356,1.1882885713318323,0.07250334215111819,1.5502261567996696,0.09339907306581557,0.9180476291787091,0.014921116139615893
random,narrow,5,25,26407.990598906144,0.7236762546507963,0.046578170913404014,2.171229513434059,0.25005255132583526,2.88313110478922,0.38347323123429816,0.7210096754492407,0.03526970889562787
random,narrow,5,26,6320.228745998493,0.7128902625665684,3.6765725075004376e-05,1.2470514205720526,0.10342097017658594,1.6600567831333364,0.1352448907271555,0.9064081160242712,0.015010123210702412
random,wide,1,0,404.0123326162769,0.14415961271963373,4.500345682595963,4.329249726039285,0.28973031292017115,5.4667472526010386,0.4352697733961103,-0.005201576055730151,0.006787630736831038
random,wide,1,1,3450205.985299934,0.42332644897257565,0.00015234217932118358,1.4538886366599537,0.12862699557907845,2.0349380200703404,0.6281463023734214,0.8387390633862957,0.1362027430682951
random,wide,1,2,281399.5148726082,0.5495936876730595,0.0007318026108494001,1.2959610075381782,0.017511077364138945,1.631499418947761,0.04734389766697701,0.9088814153464476,0.01665517856452652
random,wide,1,3,0.017702394677817958,0.5381433132192782,0.18818792806069345,4.301857231872143,0.3107944180004524,5.4896257214110165,0.46982227235171414,-0.01289408664746854,0.013670725036871667
random,wide,1,4,9.280800741686154,0.303194829291645,0.3303702439271509,4.2563948758136485,0.28755977605861693,5.400528701761228,0.44574358445292916,0.01936287491329729,0.007720892329523675
random,wide,1,5,120.63713241572559,0.40311298644712923,8.675447395284994e-06,1.973952127174763,0.195775782523481,2.572585872307978,0.3172945952443587,0.7778069236306366,0.02585637086635217
random,wide,1,6,0.6777931354613034,0.7503646726300526,6.857935293219146e-05,3.6732765873327202,0.2891183906685598,4.707974076141747,0.46049811394990264,0.25588896105573844,0.029282794433887805
random,wide,1,7,3.339479808044895,0.9807371998012386,0.0024907883228393202,1.4755838671441992,0.13404817456634133,1.94133524096608,0.21615451586706735,0.8731606676371617,0.014359980266519653
random,wide,1,8,4517672.485372567,0.5412268555474342,0.11844850548471193,3.4974280953739703,0.24604636398592258,4.502553667933278,0.42232437900324477,0.31889853367530313,0.02968451335232945
random,wide,1,9,3.1047085410296495,0.9699254132161326,1.3321835340632695e-05,3.7289646485988426,0.2899492478279265,4.774378345761959,0.4602811307777694,0.2346597333541392,0.02789685656920404
random,wide,1,10,441.18147662369597,0.6234897555375004,6.472309658335572e-06,1.7179634820428298,0.14405735753603685,2.2242190788177174,0.24046089948403748,0.8337686867003852,0.01550481481817224
random,wide,1,11,97757.03686006085,0.9172977047909027,0.019544434424727156,1.5349955021844777,0.11697918063173654,2.027016426707578,0.21061887826845363,0.8617370437652523,0.013322741544760179
random,wide,1,12,0.022716210790478336,0.4593358828854037,0.005013313262287451,3.865549783595364,0.3001445825093605,4.957336443288173,0.46870680444143875,0.17479292817891062,0.025045294274586682
random,wide,1,13,0.036403757470936035,0.8526328384806567,0.03085298471247413,4.170976046652949,0.3027210333936563,5.326504900791523,0.46036727105201075,0.04650877555582713,0.0140559161998692
random,wide,1,14,2170.047113993684,0.8398815210314088,6.617319960692679e-05,1.2643991114056674,0.10675374781875925,1.6733035801980218,0.13874402760693483,0.9049929784939996,0.014719233819339001
random,wide,1,15,385.00195400458904,0.7530302077021779,0.003768965753422928,1.2157272667569639,0.05157475533707121,1.5783264790070564,0.07401014564348175,0.9147511114872409,0.016932996307388877
random,wide,1,16,0.21443630839327954,0.6832869060032571,0.5462444454598346,4.302520608482376,0.3071742281130811,5.483477781811155,0.46343975635561085,-0.010747389408081332,0.01159143313604164
random,wide,1,17,121303.26038978023,0.80236416113453,2.1943899881387644e-05,1.1755359147681839,0.11525235662054865,1.5447296835349804,0.14281457652523313,0.9180085178893315,0.02086349647729564
random,wide,1,18,0.5271270882514467,0.8552269742870702,3.722788138886545e-06,4.270747079399665,0.3042883875998518,5.439058444795725,0.4611736604738421,0.005589116038907482,0.012070584808959275
random,wide,1,19,564353.8155226236,0.4719097193587902,1.366972176296314,4.331642187425219,0.28848338776008586,5.466963190743111,0.4332592997395548,-0.0053302806590339365,0.007248268550273667
random,wide,1,20,2.9270861011111173,0.6457208955749478,1.121095992734569e-06,4.244917826535492,0.3072034403710509,5.415902162308617,0.4642975158459711,0.01414355106753582,0.01359545536691994
random,wide,1,21,30142.859661952134,0.28187782736454214,0.7062923714013418,4.326738669604727,0.2874267268625667,5.463595309863578,0.4339993460911203,-0.004067752380522949,0.007019857411688244
random,wide,1,22,0.8648952350543703,0.8050548331450097,0.029875808050169605,2.6329628187906904,0.2959263756916907,3.512191866601994,0.46920428637614503,0.5865066414198077,0.04883556427581426
random,wide,1,23,4710183.812786496,0.48221238819933654,1.1315501667159766e-05,1.7017709200433528,0.15944677998330162,2.3057244468500118,0.4844312782216454,0.8055312205189029,0.11445478254308139
random,wide,1,24,1128347.210988387,0.5895020620840481,0.0009099517166017202,1.2735320381907325,0.015060522502434188,1.6062462816343306,0.037125696251289746,0.91193126245622,0.014023339329748571
random,wide,1,25,0.016611777192170843,0.9190886196338225,0.05178681598636213,4.279776440054404,0.3056131385773186,5.453924857878992,0.4601264467559134,0.00010531822260382296,0.010709993160766686
random,wide,1,26,276329.95481625566,0.6603553805205233,1.5799446293802817,4.333192089423463,0.28795774958328335,5.467281349240587,0.432194345123096,-0.005474146328854878,0.0075526137696122165
random,wide,2,0,2.2620865017496987,0.8142257405942803,0.00012286777787108493,2.5996622133038456,0.23880338380016944,3.3807021994146176,0.400508735355141,0.6166944128708081,0.03379456584784535
random,wide,2,1,0.06718053827041164,0.7285605268117946,0.015874632560612077,3.7142414256055565,0.3056015858373969,4.793775784258061,0.4663632835891235,0.22854715753559898,0.028967243200521048
random,wide,2,2,0.49103184710778547,0.2749693679060381,2.4323518144346246e-06,4.28180959845225,0.3115513170135663,5.467675860369243,0.47106046115330924,-0.00474645459966323,0.014671049851845018
random,wide,2,3,8258.423190549462,0.15006226330533612,0.008626996850005389,1.25292056084449,0.06898725800831915,1.635699709000884,0.07677007244209476,0.9093758566897868,0.00905841684240282
random,wide,2,4,78.28474066918422,0.4227846732701278,0.04842627790791176,2.147489212284502,0.24965572559769972,2.8756511275478545,0.38461571248229437,0.7225036807031984,0.03507811279018524
random,wide,2,5,4996.427539657549,0.6830648223096253,5.9163201568848836,4.333434817125604,0.28795039759881014,5.4673562292177555,0.4320925834710336,-0.005504399318022024,0.007590847325830994
random,wide,2,6,33.46751738975564,0.3459606655717331,2.0453516621493658e-05,2.119159414208658,0.20296867301483917,2.770590369849589,0.3401687499458513,0.7423545125424618,0.028538078762873908
random,wide,2,7,397.734956303261,0.7755639424726894,1.7316729240850204,4.334165719562625,0.287623752095382,5.4674902243877055,0.4315306772381507,-0.005567773758746774,0.007751263467276052
random,wide,2,8,7.299941932605677,0.4709098854157575,2.9479375261668563,4.3094378516692915,0.29964842001431,5.469975410771797,0.4498178958256294,-0.0060480840832869195,0.006561540203601504
random,wide,2,9,17531.92401931999,0.1045435584329415,5.629258071106742e-06,1.2940151136888227,0.11083186223201145,1.7285518762223506,0.1462858846212551,0.8985196362644118,0.016600724648578685
random,wide,2,10,0.656397665445491,0.6798114614845836,1.5529151104264436,4.303546164284265,0.30539785649966494,5.478642836688021,0.4591238979722012,-0.009046916743317368,0.009850201777627314
random,wide,2,11,439670.08009079896,0.40654239767553646,0.0324379861799106,1.7535358631423352,0.1908855062803283,2.3603292121840727,0.31195855968502845,0.8129813782790766,0.02372242350015023
random,wide,2,12,445.8653748909673,0.8621179849076281,0.01425951072872239,1.4023645494756707,0.07244354332088529,1.834235649831761,0.13929737581080456,0.8864089050422693,0.01052631148767818
random,wide,2,13,87.83659570718456,0.6137169384025872,1.7606813733880415,4.332854587483143,0.288146358089751,5.4672259949893025,0.432490842336953,-0.005446372765105378,0.007468714960917987
random,wide,2,14,291209.2274870833,0.6925181318299735,0.003064731163246406,1.2210885037500714,0.050360230753130716,1.5825719529118163,0.07331129396020909,0.9142136413275646,0.017497987187880405
random,wide,2,15,11.25196498059333,0.21622339101901444,0.004568772440807441,1.221034210969277,0.10802961212936191,1.63090969816322,0.18086974354800728,0.9101828794553342,0.01308843497596278
random,wide,2,16,0.0805995130846528,0.7019494763859895,1.8630688707357385e-06,4.299687163973415,0.30868337128187817,5.481937047320939,0.46470457104480756,-0.010150769701642725,0.012035735368183777
random,wide,2,17,128.19632868357488,0.8351832046922797,1.9237074622103223,4.334693869389042,0.2874576770441633,5.467598902259945,0.4311768444365305,-0.00561666871159221,0.007854890967776978
random,wide,2,18,29.231843864612507,0.5920620110783646,6.5426153454865075,4.3327183300994925,0.28825803116294124,5.467212720145303,0.43264025590150434,-0.005437802656337576,0.007429694970201116
random,wide,2,19,78153.75119057708,0.19616991196827194,0.0007085336966178964,1.3980440144343445,0.04617265108016716,1.776671856964112,0.08064887557332143,0.8911104830880948,0.025142782355920497
random,wide,2,20,0.3515548839658139,0.6038055172624386,1.8554257674344974e-05,4.192383016604766,0.30557465111557053,5.351936524692819,0.4657941525592051,0.03742905167160069,0.01584235750226259
random,wide,2,21,0.1032038017921522,0.8329969641884205,1.3783999283399975e-06,4.30112633429715,0.30643894331077276,5.479581635523252,0.4627214120579586,-0.009319560278523365,0.011434586926809483
random,wide,2,22,0.07846935112803873,0.4884985730839694,0.001425908798654116,3.3959496384002845,0.28040215854792505,4.367026727373926,0.45529443597969355,0.3601216544955844,0.03305056181557946
random,wide,2,23,3823.4170760022203,0.9373431437289681,0.0033736605039832225,1.218456501999019,0.06363027058545467,1.5749215429831493,0.08929160809051179,0.9149701019579883,0.018549425324878386
random,wide,2,24,56698.21014677499,0.6172721367052832,0.010501842124104856,1.2895200151861868,0.049495365671161244,1.6812516356589984,0.08656908898734222,0.9041910850157595,0.011017255975709824
random,wide,2,25,362.2124922166201,0.2266260633591367,5.666731847830427,4.3298888607641235,0.2894443654852173,5.466814426095166,0.4347778234976229,-0.00523835657156666,0.00689617688062689
random,wide,2,26,15894.403514233056,0.04201178906868608,0.007685581853624731,1.2642385745447418,0.08111961106357585,1.644982895267254,0.0789295338525234,0.9083584399706595,0.008985705264516931
random,wide,3,0,0.05899870841674131,0.8012744652063969,4.5464617972392846e-05,4.2579594264788785,0.30438166204248884,5.426216317467478,0.4606806727945627,0.010292299787427206,0.012452689276868578
random,wide,3,1,1735.6347012869478,0.4331269402364738,4.559324420382448e-06,1.5055628993270556,0.13009163362851126,1.9579803565724323,0.18366119920534102,0.8708878942631207,0.011880129153915276
random,wide,3,2,204.86212971725325,0.7345771514092145,1.312720908168753e-05,1.7354888179615575,0.14800173244715512,2.2458277225458523,0.24859198526909007,0.8305806431973194,0.015970494560409807
random,wide,3,3,0.10545038733155002,0.5167401826213637,0.0005477688523921978,3.6383208331535477,0.288930835239921,4.666359760186885,0.46371539577800114,0.26910135600626955,0.030584024245060487
random,wide,3,4,75.10211778398295,0.7378377872921602,0.012811205572454071,1.3518096795352386,0.06113506420468629,1.7629484391434835,0.11493947758345234,0.8949263590445204,0.01015755392697285
random,wide,3,5,4040222.5988607397,0.648547207079825,9.759063553384677e-05,1.4052760581375718,0.14646552755150755,1.9675131218775224,0.6451879869441409,0.8476937255375951,0.13618797320342166
random,wide,3,6,18447.77402137752,0.0014900835088361708,0.00011195545081683805,1.1452568672868235,0.1378017242104885,1.6283789020938915,0.3807689212344978,0.9023415710445837,0.06335059868518668
random,wide,3,7,5769557.061135184,0.3139860020343368,0.00012268982898815434,1.5387378039846684,0.1538501581821085,2.211225533262947,0.7744849018774581,0.8040581656282824,0.18408847576431792
random,wide,3,8,1060228.8898460758,0.47130966518183137,0.012477873522221716,1.3143712200941198,0.0578056481950923,1.719044796494579,0.10405258959124777,0.9001118748977461,0.008723759008301576
random,wide,3,9,91094.69515687918,0.7069650956556235,1.6308801756302273e-06,1.3102033066697998,0.10592699354112817,1.7403132518146691,0.14060996997061706,0.8971633003741845,0.016226189789654007
random,wide,3,10,23.345033490790524,0.6605000674278948,4.324829537925651e-06,3.1984297667442143,0.2789287451671194,4.126868385038156,0.4500941762445429,0.4287260426608537,0.036009075251568844
random,wide,3,11,2416432.636305128,0.630090199785343,2.8205784052681404e-05,1.3617905141823787,0.10149181772412669,1.8491613533057165,0.3214833897084326,0.8773706636833548,0.06352531075048024
random,wide,3,12,4.824672247339867,0.7221648081421175,0.15570292115755635,3.9389686811718776,0.2763611565806556,5.068332722561811,0.44941177308517744,0.13689677817472798,0.016837959695833602
random,wide,3,13,0.9299055101293192,0.6576522108732432,0.6444780343105813,4.302782280801319,0.3044627442637881,5.477927368274208,0.4584507917979137,-0.00879766937227382,0.009849520802860478
random,wide,3,14,13969.799427550668,0.42857290429846195,0.550212244731323,4.3217896664889865,0.28540638918344213,5.4569076526958415,0.43326918125557823,-0.0016171863584948155,0.0072203796469641835
random,wide,3,15,67351.79123948666,0.1023199219220744,1.4104616835799038,4.328790150380641,0.28972709175489675,5.466633780667701,0.43545111639327916,-0.005155209975985553,0.006742137925048938
random,wide,3,16,444544.2909449462,0.47968392351227496,0.0005721255308870751,1.3359726065918276,0.04027917586901619,1.6903218763463435,0.09693445688997826,0.901325797170857,0.024793685931589173
random,wide,3,17,0.20749666831495345,0.291978615987851,0.07744340054683736,4.176469917817714,0.3097061413452539,5.361002674666471,0.4698012361579549,0.034248511446932084,0.01628999143551184
random,wide,3,18,692233.0782405337,0.5618097187308899,8.464876741126769e-05,1.3546610689466674,0.13978638081395614,1.8699388816591942,0.5857025497237794,0.8639155694667318,0.11647035493572029
random,wide,3,19,39.52810460483475,0.19663923977212372,0.019514905084131295,1.4337668652692404,0.10293551858917124,1.9085201917952292,0.18307915012719872,0.8775116709777417,0.008367642496143881
random,wide,3,20,0.41936083427550686,0.7522234183692774,0.16905292893152193,4.265534278288053,0.3032497574011616,5.43981537563185,0.45831611481247914,0.005256277336775961,0.010607030329835263
random,wide,3,21,1267.070763476632,0.20577504822901882,2.8025782095385368,4.3297262870909385,0.2895159113315057,5.466795687415343,0.4349021896916842,-0.005228404905023609,0.006867981711154571
random,wide,3,22,455103.4432434789,0.9643577208942796,1.5237410906001555e-05,1.1855651265664084,0.11272440717125885,1.524006101699977,0.13473997594538722,0.9203138392635024,0.019036359793833744
random,wide,3,23,4104.257050908093,0.9705587631326238,0.01770869328724819,1.5024906429641185,0.10381390569649769,1.975821395626048,0.1902847186178678,0.8685063572364051,0.012416263088919046
random,wide,3,24,121141.91205190586,0.054093757870965264,0.3383937495541308,4.26637747572464,0.2800347962410304,5.394977279704895,0.43685615850612447,0.02117625755342243,0.007962263821592876
random,wide,3,25,21.06574170580002,0.1935275814655144,3.928831518085349e-06,3.3191784128790607,0.2800065732813852,4.2728894266998125,0.45287534656495904,0.38742070484077795,0.035161848206764074
random,wide,3,26,0.8410134013427111,0.1267549797183054,1.0244565067107203,4.302536386274222,0.3097190785326948,5.488494292594972,0.4675485411709254,-0.012520881242024995,0.01286530720682969
random,wide,4,0,3072592.386920219,0.9762437057077041,0.003795708651108819,1.2218999831204467,0.06673213702293232,1.578882985969487,0.09086386318857612,0.9145872767784263,0.018393000225674062
random,wide,4,1,0.05339790459404535,0.37648658437727256,0.017843942863872992,3.878358366439427,0.3052098039762353,4.993128588859818,0.46714878670880994,0.16276915083521476,0.02394084513875063
random,wide,4,2,164858.3173616608,0.8716352741876564,1.666075634157748e-05,1.1868297566845676,0.1171680405509383,1.5520022922986745,0.13543632595280589,0.9174919895371012,0.018974061331099055
random,wide,4,3,786.0906069119837,0.4771535238392063,2.067785844850261,4.331818076224633,0.28860790098613415,5.467055794013044,0.4332952040143525,-0.005363691530916181,0.007249909787206097
random,wide,4,4,74.89735822556634,0.9841529999311214,0.3331401851785858,4.282217812314376,0.27814716571288794,5.402750307823671,0.4313993511591301,0.018211196501844062,0.008437299359641952
random,wide,4,5,21.258476329357233,0.9290263877654195,6.060801845288002,4.335331619917424,0.2872459339811719,5.467711870037105,0.43066367849847836,-0.005670978029064288,0.007995257966600246
random,wide,4,6,0.3974049495986501,0.7048647455647425,0.018279373967021558,2.660331546522924,0.29623820883583035,3.514385607749449,0.46065486859772176,0.5860471262479601,0.046222063838763795
random,wide,4,7,3056561.3146341695,0.13339575545169313,0.04566694072602036,2.0275901491228216,0.23320916557792606,2.7368734572789633,0.368747633979328,0.7486746964597257,0.032009449082106095
random,wide,4,8,302.5578247022493,0.5002261893487459,0.0028532435073831274,1.2081779255652922,0.046941870182466115,1.5472889112586778,0.0830148290592338,0.91784905668151,0.017795151296938583
random,wide,4,9,4238777.056958755,0.22377114677821597,0.0002815540629315563,1.4746164008224028,0.107355422610666,1.9888613198204148,0.4313656861755617,0.853767019180883,0.09195967785029299
random,wide,4,10,499.78477255213994,0.9391070534240088,0.03077488705684954,1.8284134540415606,0.19875171077270615,2.4194837346304,0.318798652020796,0.8033872286585618,0.02564551819025439
random,wide,4,11,1730.3828647728815,0.9297746953080669,7.496071701907499e-05,1.2721001652993686,0.1037334881569847,1.6772791884287865,0.1355591660108247,0.9046057007224073,0.013978041955153318
random,wide,4,12,266.395915351593,0.4760389104754019,0.05377817431701872,2.286304676269285,0.258007921925995,3.052563850594816,0.3970076051786998,0.6872831919855373,0.03743501819215684
random,wide,4,13,0.8970574096450442,0.7706304830917438,0.07044729354508376,3.724978744090212,0.2931028729231628,4.861861446942364,0.4596261308429512,0.2062272275311218,0.027504681462107897
random,wide,4,14,0.5213105899658687,0.3618150599019092,0.0016573418204346,2.116850145882471,0.2042058679766374,2.7592068615843455,0.3504332570395627,0.744621018269176,0.028603035076375884
random,wide,4,15,0.3440078674730499,0.9625074113263784,3.543738109200711e-05,4.108754081418434,0.2956403242590026,5.232784002447647,0.4554788822855391,0.07980785664711842,0.015484520079728593
random,wide,4,16,907836.1339994452,0.7394732431350439,0.00047428870624678795,1.301835471223975,0.05142962997693386,1.6434650551399907,0.11573277211046129,0.9066703326145749,0.025379395416591167
random,wide,4,17,0.02386230182525404,0.5371708512141022,2.543316499306784,4.303121901692946,0.31087702468341516,5.490911044345829,0.46988849169420627,-0.013369398747455508,0.013664851678621758
random,wide,4,18,241218.2884693999,0.37612381317906773,8.542161990152594e-05,1.2413256890683895,0.1506585839546119,1.7750334838382371,0.5943690550203816,0.8760392825772845,0.11191887205735063
random,wide,4,19,13.564177684651366,0.42945988292273374,6.41324267780321,4.327695750706527,0.2906239776370493,5.466352332445348,0.4360263460779284,-0.005035869681848215,0.006467769076195387
random,wide,4,20,314.22060811976417,0.9031955883507381,4.918724635029678,4.335311884346488,0.28724525697334546,5.467741196697494,0.43074967672961495,-0.005679875050034156,0.007988679262695725
random,wide,4,21,35.900011883846076,0.8070479361350381,0.00014174424601145274,1.5746214531190492,0.13203350075178755,2.046045498918919,0.20939910171806092,0.8592592210083001,0.012031904635237243
random,wide,4,22,0.09273513506243057,0.8764338171832751,0.0005563170826366452,3.7001419084047944,0.288748809616873,4.7404170601775135,0.4591758109046445,0.24555322295453888,0.027622686927682084
random,wide,4,23,1814603.4552353565,0.07872015051065484,4.3085772168776055e-05,1.4250460975885666,0.12522827184873592,1.8827348032408637,0.2302638464676265,0.8767214106789163,0.041759436638289855
random,wide,4,24,122898.75577652552,0.23750481762383724,0.022513678385443468,1.4963116422108247,0.12345749999269609,2.0079535091790013,0.21696375440677287,0.8645287781240156,0.011561753110141694
random,wide,4,25,357.30471557618404,0.7000873205228134,3.1617501987216042e-06,1.9568168853262429,0.18119123559704814,2.538083348816913,0.2945207325907012,0.7836661913099305,0.022468799669286516
random,wide,4,26,550.2107909543944,0.08816937300957906,0.08561208048107338,2.893316481232325,0.2671738475786795,3.8321078587244104,0.4202315151306589,0.507002004256129,0.03858677057055344
random,wide,5,0,175803.01289910518,0.515325561042142,0.45246556025124623,4.311942396606258,0.2833820903668897,5.444455184554553,0.4332036271581569,0.002968746419688628,0.0073741332485607524
random,wide,5,1,3.7343276542985278,0.38336888078551823,2.3851457164331215e-06,4.1532470135699375,0.3067250756211004,5.30995819535625,0.46927096690348435,0.05260223075873136,0.018290675903384665
random,wide,5,2,47.45247278567394,0.04875771072716806,2.0745617072200296e-06,3.2160678008720773,0.2748743476164945,4.141990408110711,0.44839292785806134,0.42445683042678295,0.03586992085932187
random,wide,5,3,9830713.411687968,0.23451020166982395,0.03686241474385825,1.8312430687590477,0.20444401703929532,2.474048750478133,0.33339888848859167,0.7945780170766549,0.02665558039525115
random,wide,5,4,82.13494488000003,0.8976776081085488,6.596344861970971,4.335261347808418,0.2872657474594526,5.467729096190134,0.430785910851923,-0.005674498421933505,0.007976954374451816
random,wide,5,5,396350.4343656133,0.4930230187317426,0.0005582550370621654,1.3358267782811857,0.041720827768892,1.6899819834801515,0.10032477636551569,0.901315018598078,0.025263778026822187
random,wide,5,6,12308.472692845762,0.5555961169207234,2.6645200385568756e-06,1.3566914597300612,0.12939598215263926,1.7947998526170479,0.16162317720022745,0.8910524015030784,0.014540256122039791
random,wide,5,7,2.7737316414144013,0.06421443731219101,1.4373357026170588,4.302720274434551,0.30751247430914735,5.486282908145089,0.4636289379698156,-0.011784940795758602,0.011809933495272441
random,wide,5,8,12960.859334188852,0.2273185251609081,1.2320249879708294,4.329621753382879,0.2891808217189596,5.466634947365167,0.43465588767105323,-0.0051749078896989875,0.006907680732252858
random,wide,5,9,1145603.032897483,0.01851721767021075,1.2745834533601514,4.328042658424612,0.2899132052384667,5.4665234453390354,0.4359205359133405,-0.005103129224863978,0.006652078208045609
random,wide,5,10,23305.590220456266,0.5033639655536645,1.01952477799565e-06,1.3751675534085515,0.1257987110374145,1.8136084526481373,0.16195444727722152,0.8888172243315327,0.014109480692438383
random,wide,5,11,85.1144837975751,0.32494264457560607,2.647096981461688e-05,1.7542400823557045,0.15675273363610728,2.275785695699436,0.25429978707195955,0.825999469016595,0.01749226506981732
random,wide,5,12,180276.027376113,0.1490385835335558,0.0001641211728314791,1.3175374346758155,0.10337436396170242,1.845169752640523,0.4823588768134153,0.8715190005272732,0.09446719209912081
random,wide,5,13,19346.745240271302,0.798939490963134,0.001379776377497506,1.2481076825520154,0.040540197151849984,1.5836763510545906,0.0593289381865286,0.9141888057435649,0.016158275531106048
random,wide,5,14,1.3171890623109632,0.7998795260549534,0.00017317794436406332,2.7161726332391454,0.24808396747458886,3.527999107868139,0.41426333393654075,0.5825774857863395,0.03541762983835627
random,wide,5,15,366.1113984230073,0.2361941283958635,0.0035050563946939554,1.232433190485905,0.04332660732175361,1.5882542221961087,0.0627715216344456,0.9137165034385648,0.015775751967645784
random,wide,5,16,0.013515325925254632,0.08582579108682997,3.408531419046605,4.303224826536236,0.3109534314720452,5.491522277173391,0.47072679001342965,-0.013575361594139324,0.013688878603404812
random,wide,5,17,402106.6109100809,0.9510229811957994,0.0003759803712560836,1.295365279605544,0.06326579761109528,1.640477890070644,0.139349577848255,0.9067324342252705,0.027826056622001494
random,wide,5,18,39.339365794761754,0.5561597755338971,3.5899998703492035,4.332441087808007,0.2883747474030689,5.467162833851667,0.4328523997114975,-0.005414139404805995,0.007370538233940792
random,wide,5,19,1.4494991156504067,0.6743897148867628,0.15486443421025486,4.145671916878798,0.2961561022277112,5.320113329227842,0.4574303824785221,0.04873983587127264,0.01358381330024376
random,wide,5,20,14382.914920181496,0.2218885591644547,0.0017651049000691657,1.307532846748694,0.039958753509075906,1.6705486586865834,0.050143823306728445,0.9046715168207822,0.015577073166610052
random,wide,5,21,5867.610449533367,0.6922222746448299,5.618578758369594e-06,1.3647988587379365,0.1284783249912199,1.79973334581562,0.16366684465240988,0.8904674286450887,0.014548376026127113
random,wide,5,22,5229.753256380951,0.7985233458061055,0.0004321033955711294,1.195121273734836,0.07990934939010959,1.5130704470505338,0.11441517854531036,0.921228617166258,0.019188622753853832
random,wide,5,23,0.5574799906213966,0.797933886097021,0.0005410188495877087,2.5980862059138685,0.2410721949502067,3.377583229062734,0.40797069761717775,0.6174706722552452,0.03501008125572972
random,wide,5,24,26.56307422316434,0.6125178041653119,0.09835694906038181,3.2246386942338736,0.2497031348534825,4.188492404174498,0.41884301733225426,0.410770968322742,0.03470560071763228
random,wide,5,25,2944481.1417846344,0.7236762546507963,8.744541011844245,4.333765325086965,0.2878186251304221,5.467425631226111,0.43185446064347066,-0.005535952645082887,0.007662481469448653
random,wide,5,26,190368.14643455957,0.7128902625665684,1.1750467943171163e-05,1.1916950952555223,0.10429890908847186,1.5728929365822335,0.1290972710886948,0.9154609656205072,0.017682105926168316
grid,narrow,0,0,1.0,0.0,1e-05,4.139998569425968,0.3070898225326177,5.29212142045362,0.47721991140999487,0.059130281989618026,0.021597055247717274
grid,narrow,0,1,1.0,0.0,0.0007071067811865475,2.133235895751675,0.2093446170040217,2.7838512774006823,0.3549480003878042,0.7400723477426514,0.029190660358291706
grid,narrow,0,2,1.0,0.0,0.049999999999999996,3.1804370167739813,0.29743248848233206,4.261686303308236,0.46880844611383893,0.3907409085599035,0.04235648839118008
grid,narrow,0,3,1.0,0.5,1e-05,4.137029454208564,0.30444946484529445,5.2869594446314565,0.46697173929079094,0.060789267080169386,0.01795338544931088
grid,narrow,0,4,1.0,0.5,0.0007071067811865475,2.139655575401039,0.20487605705340214,2.779635845155275,0.3548317638531413,0.7407896617871553,0.02979203738499512
grid,narrow,0,5,1.0,0.5,0.049999999999999996,3.2039667662661855,0.29274088008990456,4.276914077043583,0.4687842809070375,0.38637342659918533,0.04203791680655173
grid,narrow,0,6,1.0,1.0,1e-05,4.141379542312579,0.2965031841087921,5.272063022643315,0.4545470354928223,0.06585949434744495,0.014192404419065276
grid,narrow,0,7,1.0,1.0,0.0007071067811865475,2.172114193317976,0.203795311695652,2.8110916545534548,0.3512952314604232,0.734888992583275,0.028888623183770206
grid,narrow,0,8,1.0,1.0,0.049999999999999996,3.244151916888959,0.2900826504813201,4.300918070289486,0.46930449184014117,0.37944872354663256,0.041987578359998314
grid,narrow,0,9,223.60679774997897,0.0,1e-05,1.7510089139631275,0.1660191331970926,2.277784745951892,0.2716211759054094,0.8258279893787712,0.01872499001635067
grid,narrow,0,10,223.60679774997897,0.0,0.0007071067811865475,1.1341931775578158,0.10628635190353651,1.5333315824311677,0.14522095383264821,0.9197339455472482,0.016867137926886006
grid,narrow,0,11,223.60679774997897,0.0,0.049999999999999996,2.107536298492139,0.24061894667613518,2.848858703597278,0.37980720337840457,0.7277132993686994,0.03364867918571506
grid,narrow,0,12,223.60679774997897,0.5,1e-05,1.768201442880347,0.15444977574470378,2.291083498322208,0.25196062930527446,0.823631483007999,0.01732214790447323
grid,narrow,0,13,223.60679774997897,0.5,0.0007071067811865475,1.1382334187515688,0.0993068043568418,1.5224014016214533,0.12444767529464038,0.9213860971747575,0.011961111648643887
grid,narrow,0,14,223.60679774997897,0.5,0.049999999999999996,2.201815492356478,0.253482036668097,2.940717293780641,0.3897277802330143,0.7097916964376144,0.036076201547928594
grid,narrow,0,15,223.60679774997897,1.0,1e-05,1.7915139819396937,0.154524935530103,2.312129596579708,0.2521101248095253,0.8204337895039847,0.016161238917052102
grid,narrow,0,16,223.60679774997897,1.0,0.0007071067811865475,1.1890605785794128,0.11232128432767832,1.5553992043325366,0.12403364407964645,0.9175473221975199,0.015897490047728426
grid,narrow,0,17,223.60679774997897,1.0,0.049999999999999996,2.3267296984265107,0.25904285938603044,3.060091049545958,0.3926017886388391,0.6856606777501918,0.03726312721142946
grid,narrow,0,18,49999.99999999999,0.0,1e-05,1.2305002486074437,0.08640801871004782,1.662044293617667,0.12202540813722404,0.9058009542956285,0.01725818858486919
grid,narrow,0,19,49999.99999999999,0.0,0.0007071067811865475,1.4880772044262578,0.0491007815187628,1.904960500472237,0.09407683258067065,0.8744745747754263,0.030691182669614857
grid,narrow,0,20,49999.99999999999,0.0,0.049999999999999996,2.107536298492139,0.24061894667613518,2.848858703597278,0.37980720337840457,0.7277132993686994,0.03364867918571506
grid,narrow,0,21,49999.99999999999,0.5,1e-05,1.232719314284583,0.10253789594893402,1.6480469439149115,0.1374012608009931,0.9075557715496261,0.01651540864419299
grid,narrow,0,22,49999.99999999999,0.5,0.0007071067811865475,1.3100850161409479,0.02288416937912718,1.6502247992049266,0.05194557817285976,0.9066743738580048,0.017714769565732383
grid,narrow,0,23,49999.99999999999,0.5,0.049999999999999996,2.201815492356478,0.253482036668097,2.940717293780641,0.3897277802330143,0.7097916964376144,0.036076201547928594
grid,narrow,0,24,49999.99999999999,1.0,1e-05,1.2702685518857597,0.09440765525926623,1.6736295667657664,0.13097341659868394,0.9048884080336432,0.014828957303525002
grid,narrow,0,25,49999.99999999999,1.0,0.0007071067811865475,1.2647088672299165,0.0389604046388129,1.583546805160461,0.0730942144264618,0.9142363865079179,0.01629975815579846
grid,narrow,0,26,49999.99999999999,1.0,0.049999999999999996,2.3267296984265107,0.25904285938603044,3.060091049545958,0.3926017886388391,0.6856606777501918,0.03726312721142946
llm,narrow,0,0,1,0.02,1e-05,4.140279275577525,0.30732163620386915,5.292982233122439,0.4771691246197896,0.05882087063846582,0.021663513442670056
llm,narrow,0,1,1,0.2,1e-05,4.1380922982259944,0.30663940800707146,5.29146658732912,0.47250436866360573,0.0592803599099339,0.01998446793487063
llm,narrow,0,2,1,0.7,1e-05,4.138511147121865,0.300652364797233,5.278310840996359,0.4621655531653457,0.06377992621263515,0.016530566685979915
llm,narrow,0,3,1,0.02,0.007,1.716350895954863,0.19500034566921967,2.269697406506438,0.33915973176218916,0.826999959001394,0.028062600527226766
llm,narrow,0,4,1,0.2,0.007,1.716744876200989,0.19200812848563473,2.270940516146359,0.33883512026422485,0.8268047400424449,0.028066601730115354
llm,narrow,0,5,1,0.7,0.007,1.7496711092787005,0.1969810758281578,2.3040284406241773,0.3452107371211731,0.8217067768093578,0.029136417967938408
llm,narrow,0,6,1,0.02,0.05,3.1809603644242452,0.29741509103516794,4.262037067007298,0.4689702660220943,0.3906433354349474,0.04236087246330591
llm,narrow,0,7,1,0.2,0.05,3.1870378315876438,0.295799234761129,4.266064490642863,0.4688679922274486,0.3894969526988743,0.042071256382462195
llm,narrow,0,8,1,0.7,0.05,3.2199910676578845,0.28894652556277306,4.286199950016281,0.4686366127713612,0.38370073181665304,0.04177421053486393
llm,narrow,0,9,200,0.02,1e-05,1.7814262508286554,0.1718782666691752,2.3222209738552815,0.28612430340694267,0.8190281332606858,0.020248271095178773
llm,narrow,0,10,200,0.2,1e-05,1.7829723005293565,0.16814594859542115,2.3178097809753444,0.2735510273880577,0.8195960265555848,0.01965032246218884
llm,narrow,0,11,200,0.7,1e-05,1.8037702005030725,0.15995397079310386,2.3355293889547317,0.258274299479659,0.8167682118228704,0.017524833656824126
llm,narrow,0,12,200,0.02,0.007,1.2724909256893575,0.07798848798182921,1.651705921796196,0.07265594785759392,0.9075522596027884,0.009367766826563387
llm,narrow,0,13,200,0.2,0.007,1.2406597999348983,0.06672236443098695,1.6184537383246593,0.06441278324816295,0.9110952700696554,0.010533265051483843
llm,narrow,0,14,200,0.7,0.007,1.239467750354012,0.0543511888147942,1.613061392058641,0.06875113114166875,0.9113808508282553,0.013965024857324381
llm,narrow,0,15,200,0.02,0.05,2.110468442690044,0.24132778381232542,2.851992642998439,0.3802481279754706,0.7271093107237278,0.03376742762711217
llm,narrow,0,16,200,0.2,0.05,2.140227140632948,0.24759998087227073,2.8821140878031017,0.3848640782224192,0.7212872013279134,0.03483889399668139
llm,narrow,0,17,200,0.7,0.05,2.24883950929821,0.2562997916905776,2.9852194999038204,0.39164280808410284,0.7009057161413188,0.03669964783677071
llm,narrow,0,18,50000,0.02,1e-05,1.2299681645027778,0.0866182133888675,1.659962758486055,0.12085200691438963,0.9060600374476419,0.016989231605924294
llm,narrow,0,19,50000,0.2,1e-05,1.2263254637942373,0.09255421351779614,1.6545350502672416,0.12682202119519453,0.9067667389146588,0.01644861898273157
llm,narrow,0,20,50000,0.7,1e-05,1.249482253445991,0.10435221988224602,1.6571481696633121,0.13362719132082498,0.9065571836726489,0.016363058148952867
llm,narrow,0,21,50000,0.02,0.007,1.2709785800207576,0.08241459774738158,1.6489337762290692,0.07695157120585165,0.9078912205615917,0.009200819433538584
llm,narrow,0,22,50000,0.2,0.007,1.2402696910223505,0.07013374318967779,1.6165202597965347,0.06754098907731426,0.911321571838072,0.010494181174961134
llm,narrow,0,23,50000,0.7,0.007,1.239467750354012,0.0543511888147942,1.613061392058641,0.06875113114166875,0.9113808508282553,0.013965024857324381
llm,narrow,0,24,50000,0.02,0.05,2.110468442690044,0.24132778381232542,2.851992642998439,0.3802481279754706,0.7271093107237278,0.03376742762711217
llm,narrow,0,25,50000,0.2,0.05,2.140227140632948,0.24759998087227073,2.8821140878031017,0.3848640782224192,0.7212872013279134,0.03483889399668139
llm,narrow,0,26,50000,0.7,0.05,2.24883950929821,0.2562997916905776,2.9852194999038204,0.39164280808410284,0.7009057161413188,0.03669964783677071
llm,wide,0,0,3,0.05,0.0015,1.5561815624918212,0.1433370852219361,2.031932838851712,0.21753707868068506,0.8611629733885255,0.013472660487770292
llm,wide,0,1,3,0.15,0.0015,1.5576191807553952,0.14378383645683007,2.033517457508323,0.22342924221383118,0.8609975977980262,0.013649975000696004
llm,wide,0,2,3,0.4,0.0015,1.555398340149293,0.14509846112351057,2.030443874386395,0.22608676465493677,0.8614483011027796,0.013578255631901508
llm,wide,0,3,3,0.05,0.006,1.4032451681007063,0.14735028381459211,1.8792299739226515,0.26121593680558886,0.8811003046006218,0.01925132326589346
llm,wide,0,4,3,0.15,0.006,1.400201393232403,0.1453639388392453,1.8774351734008232,0.2608648308113177,0.88134412502113,0.019083793912832735
llm,wide,0,5,3,0.4,0.006,1.3841952701009186,0.13980504203301228,1.8533361776247599,0.2514214079639962,0.8844187924865998,0.017603438232941936
llm,wide,0,6,3,0.05,0.025,1.7420551313339403,0.21475049259515672,2.3886074447009777,0.4024291793307072,0.8086101905880362,0.03612128696696891
llm,wide,0,7,3,0.15,0.025,1.7472658963322147,0.2139982499825535,2.3913627481017508,0.40342118107228137,0.8081718678389855,0.03628093601190593
llm,wide,0,8,3,0.4,0.025,1.7682943052565918,0.21413158865084386,2.40861969215982,0.4030785244852841,0.8053823478063574,0.03638938180094131
llm,wide,0,9,30,0.05,0.0015,1.1856570230958916,0.10581594173720814,1.5983944907443977,0.1589413789973455,0.9133111862434277,0.014960931655695132
llm,wide,0,10,30,0.15,0.0015,1.186410299404589,0.10343315980096189,1.599633519290408,0.15756464461274897,0.9132088375764399,0.01464184151535289
llm,wide,0,11,30,0.4,0.0015,1.1927904386753672,0.11129490767552745,1.6091777985229168,0.1548684935536899,0.9122911673635631,0.01359270753206407
llm,wide,0,12,30,0.05,0.006,1.1854265741819892,0.10265942958667608,1.5692703506897203,0.12366619432113558,0.9167778923743173,0.00928001075474059
llm,wide,0,13,30,0.15,0.006,1.188222848213337,0.10064532406103886,1.5713735739113754,0.1249907885584312,0.9164977212832616,0.010107481327857264
llm,wide,0,14,30,0.4,0.006,1.20141434503932,0.08752156408104957,1.5831498412747276,0.1157164733138089,0.9151518147748435,0.010632355908581591
llm,wide,0,15,30,0.05,0.025,1.5348812743087068,0.13393371998130849,2.0707815547981956,0.23505418621986343,0.8559771386401994,0.013365447742685544
llm,wide,0,16,30,0.15,0.025,1.5421659970850812,0.13690803737773716,2.079301457951064,0.2380968692565811,0.854793795957633,0.013754674374038729
llm,wide,0,17,30,0.4,0.025,1.5728053885726654,0.14733518374350615,2.1126381349276158,0.24889122157752291,0.8501114010646644,0.015154160615919504
llm,wide,0,18,300,0.05,0.0015,1.1235108948772548,0.09833532405380876,1.4856331800000402,0.10882096805094116,0.9247763869098977,0.013857624963435261
llm,wide,0,19,300,0.15,0.0015,1.120703055889763,0.09817203534705206,1.4798286167918486,0.10805715681982049,0.925443342890514,0.013105568767153962
llm,wide,0,20,300,0.4,0.0015,1.1388726120972963,0.09549264484428413,1.489711769943776,0.1073398769125951,0.924270253401815,0.014848656019071108
llm,wide,0,21,300,0.05,0.006,1.2722970026424043,0.07296713907214832,1.645044915122733,0.06721862790104786,0.9082142475706914,0.01003769247269217
llm,wide,0,22,300,0.15,0.006,1.251236040117754,0.06763588987236543,1.6231891253078703,0.0633431552354328,0.9105433468704887,0.010817000086190685
llm,wide,0,23,300,0.4,0.006,1.2230758908770492,0.05738231133455812,1.5960169773011643,0.05787592921108287,0.9133249342741445,0.012403018466758571
llm,wide,0,24,300,0.05,0.025,1.5340168637239788,0.13508673450664058,2.070044001367775,0.2357300919839382,0.8560780998083466,0.013500599789238307
llm,wide,0,25,300,0.15,0.025,1.5413470833344096,0.13797409451657613,2.078714662074215,0.23866022941227713,0.8548744229982791,0.013865769240237427
llm,wide,0,26,300,0.4,0.025,1.5722200853206183,0.14799608845071888,2.112303705783544,0.2492299533191618,0.8501582114424627,0.015216855416870971
bayesian,narrow,1,0,91.11164572353077,0.00011437481734488664,0.004618050679297642,1.1847474532023543,0.08466665381827408,1.5496310248150802,0.09771234151843607,0.9182993534816619,0.01342360951031551
bayesian,narrow,1,1,26.34217861135166,0.0923385947687978,3.490162420887713e-05,2.0200151157266477,0.19755668698939793,2.6403897276906823,0.32494666490839214,0.7660006336175854,0.0263744505081494
bayesian,narrow,1,2,7.502934347162998,0.39676747423066994,0.00018976615757974562,1.8720114841379023,0.17814058582334874,2.431208283435375,0.3003469761775395,0.801634340514094,0.02229182808301977
bayesian,narrow,1,3,340.3170209860034,0.6852195003967595,0.00035529405016824887,1.1939207285121178,0.0966627154092767,1.5848817201451049,0.12864294091201955,0.9148172343932159,0.012568843822439283
bayesian,narrow,1,4,9.135135400100703,0.027387593197926163,0.01770639129481085,1.418512158013574,0.1384937451431345,1.904662576034547,0.2578416804196624,0.8781990392884534,0.016399135232711467
bayesian,narrow,1,5,1414.186604564138,0.5586898284457517,0.0003496213509614208,1.121801848446526,0.11054488930338303,1.4835793163008257,0.11916062822118864,0.9250328987191014,0.014010671633885433
bayesian,narrow,1,6,4.567452225832849,0.8007445686755367,5.404698425368997e-05,2.6561988743293186,0.2447580777493586,3.452931664099779,0.40944483514421104,0.6001605890038049,0.03506646211578169
bayesian,narrow,1,7,35467.6243993348,0.6923226156693141,0.00014432668403580536,1.1853286181445593,0.10239428228926281,1.5305168113184933,0.17247128363119088,0.9183814298529873,0.027942316787625193
bayesian,narrow,1,8,13125.816810513645,0.08504421136977791,0.02037620090275351,1.4459230904293456,0.10808649449841307,1.927712794438126,0.19075729122331891,0.8750627549225918,0.0090428176835003
bayesian,narrow,1,9,1.5258690178457432,0.8781425034294131,4.248128330921891e-05,3.489196001016053,0.2848829449295385,4.484099753902943,0.4574928083535676,0.3252035715969246,0.0327395915902517
bayesian,narrow,1,10,378.15492142501887,0.7885289177104765,0.05,2.271218502754709,0.2574236922238991,3.0063421252454408,0.39223938852956186,0.6966424044003061,0.03692864210166757
bayesian,narrow,1,11,14181.009797740513,0.0,0.00039436114780899717,1.2129969479222247,0.09777929223195996,1.604537819896428,0.20558960072339005,0.909472077418522,0.03655514999291974
bayesian,narrow,1,12,10004.836702489349,1.0,1e-05,1.3182386529996946,0.1050034532680305,1.736882306852634,0.13248348830829768,0.8977136913095697,0.014354938790830758
bayesian,narrow,1,13,371.8835831752502,0.0,0.0006585651564394899,1.1266939789136499,0.10929038548563394,1.5190413228640622,0.14613408377375783,0.9210253350463768,0.017960110025561544
bayesian,narrow,1,14,50000.0,1.0,0.0020978150524093584,1.2213754454560348,0.06161592651636472,1.5672974746789354,0.09374545373705297,0.9156575207779019,0.019420740152237957
bayesian,narrow,1,15,48.81543794274471,0.0,0.001328595543434964,1.1608221342507117,0.1012170257521011,1.5690040143230097,0.14840750192047505,0.9163608272351291,0.014853687084832059
bayesian,narrow,1,16,6923.844957965512,1.0,0.0002320359176625534,1.1749474749926836,0.10363285673532627,1.497548611056849,0.11742634804367434,0.9230169523008902,0.018249418644921283
bayesian,narrow,1,17,49999.99999999992,0.0,1e-05,1.2304843261462017,0.08641291853219171,1.6620373011268654,0.12204988205217351,0.9058019332737516,0.017258137639245517
bayesian,narrow,1,18,2164.0581637404175,0.0,9.026659686758863e-05,1.201927051326654,0.08959601772124327,1.6281643832050254,0.1367888956006264,0.9097876316623384,0.016065798421849034
bayesian,narrow,1,19,50000.0,0.0,0.0030552769186736376,1.3373775859096608,0.05406492999534236,1.722316580814923,0.04548787413842303,0.8989861189047106,0.014075555368278031
bayesian,narrow,1,20,1691.7098715747795,0.0,0.0007100320409861929,1.140262845090225,0.0986442209358447,1.4991050889795143,0.11465881925071623,0.9230636491237852,0.01681868124493375
bayesian,narrow,1,21,50000.0,1.0,1e-05,1.2702525670738343,0.0944342205609131,1.673615607984388,0.130982388423209,0.9048897181489146,0.014831566571268542
bayesian,narrow,1,22,50000.0,1.0,0.05,2.3267296984265107,0.2590428593860305,3.060091049545958,0.3926017886388393,0.6856606777501918,0.037263127211429506
bayesian,narrow,1,23,9408.838879862464,0.616237077539471,0.0008278297443531888,1.2723565715647656,0.02043066169726161,1.5946751418227767,0.047986165146656615,0.9130242624598607,0.01534896432768253
bayesian,narrow,1,24,50000.0,1.0,0.00032418920714786154,1.293462312027153,0.06765156061565566,1.6339717896604191,0.1416637744384652,0.9074576659230742,0.027712912933525048
bayesian,narrow,1,25,338.8385230321141,0.0,0.0014357855392427515,1.127489482710995,0.09473293226320971,1.4893887154950984,0.10444692790914185,0.9244094149168202,0.01360722687228821
bayesian,narrow,1,26,3028.5991184062095,0.6479718941331588,9.518212406772762e-05,1.19882558385615,0.09111345891833754,1.5928080303576515,0.12566799849952387,0.9137870480583998,0.01402907746453162
bayesian_llm_init,narrow,1,0,1.0,0.667,0.000171,2.8832690359659896,0.2600453974761921,3.738268897117417,0.42951015563355593,0.5313303617121997,0.0365237438871965
bayesian_llm_init,narrow,1,1,3.33,0.778,0.000441,1.8786264075848778,0.16255509023297296,2.4293825785982217,0.2800722823277278,0.8018322704390922,0.0196803833421147
bayesian_llm_init,narrow,1,2,11.07,0.889,0.001135,1.3755431125897197,0.12288293676873895,1.8081297352342607,0.18306768687515967,0.8897218750852298,0.013378665173060519
bayesian_llm_init,narrow,1,3,36.9,1.0,0.002924,1.2064563032674365,0.1055339952927928,1.5714211877726372,0.12414008615972033,0.9158624706232017,0.01626278736603969
bayesian_llm_init,narrow,1,4,122.8,0.0,0.007531,1.2737684452405227,0.07165193419142538,1.655205296379877,0.07367199020133688,0.9071693379429489,0.009341298601181821
bayesian_llm_init,narrow,1,5,408.1,0.111,0.01941,1.4286407646762662,0.10322142176254108,1.8990731244926677,0.18060545882855322,0.8787103447685409,0.008228190081307166
bayesian_llm_init,narrow,1,6,1358.0,0.222,0.05,2.1444401741666965,0.2482024221276846,2.8860707103605523,0.38540366727179826,0.7205190269407713,0.03495697484179061
bayesian_llm_init,narrow,1,7,4529.0,0.333,1e-05,1.3327172281546713,0.12473025276951755,1.76775795921758,0.15731130385253164,0.8941181303905266,0.015731331438106275
bayesian_llm_init,narrow,1,8,15070.0,0.444,2.58e-05,1.208895069009317,0.09851636565130878,1.6212682482332474,0.1363327946474892,0.9105976538146894,0.01559877720621491
bayesian_llm_init,narrow,1,9,50000.0,0.556,6.64e-05,1.1316952614613003,0.12043786661392121,1.5013514447675997,0.16066650688943462,0.9220760458947984,0.023808698619817683
bayesian_llm_init,narrow,1,10,1977.0513704564698,0.9999999999999999,0.00044283036733517753,1.17323096724969,0.09952608892347407,1.4993959484776547,0.10796283023376214,0.9229997629678508,0.016891867645365596
bayesian_llm_init,narrow,1,11,31000.415651262298,0.0,0.0005514613642713211,1.3981787483751462,0.04954560087712207,1.78574479352666,0.0851580057821191,0.889900107852533,0.025869395834953294
bayesian_llm_init,narrow,1,12,204.40240988308608,1.0,0.00025352857933049844,1.278769186859872,0.09919004538533041,1.6886923328549017,0.13541067866951914,0.9033688606620928,0.013492777575372289
bayesian_llm_init,narrow,1,13,1.0,1.0,0.029314237500273253,2.529080041631542,0.2927122812038078,3.367004747899614,0.4679614394261445,0.619951911410868,0.04927449189454513
bayesian_llm_init,narrow,1,14,440.4704202767622,1.0,0.0021574589684352358,1.2123881325237453,0.06073735036123921,1.5469387938321288,0.09697211470858198,0.9177421487698203,0.01967108283756893
bayesian_llm_init,narrow,1,15,22415.30119848742,1.0,1e-05,1.2991927640010084,0.09994681083730372,1.7131553581178482,0.13403526308532834,0.9004339051572247,0.014717775462631985
bayesian_llm_init,narrow,1,16,50000.0,0.0,1e-05,1.2304852507651112,0.08641721063118818,1.6620414240349848,0.1220209813386621,0.9058014705291674,0.01725681026358114
bayesian_llm_init,narrow,1,17,72.0790510386948,1.0,0.05,2.3267296984265107,0.2590428593860305,3.060091049545958,0.3926017886388393,0.6856606777501918,0.037263127211429506
bayesian_llm_init,narrow,1,18,8805.801489803665,1.0,0.0001255711945115097,1.1717348261049678,0.10674750249877198,1.5143796102597253,0.11850071847861376,0.9216302603650327,0.01632157724304055
bayesian_llm_init,narrow,1,19,49999.99999999992,0.0,0.00642073631980281,1.2800212973113232,0.08102803285814847,1.6555389064758874,0.07564421754419776,0.9071307703201589,0.009414225494952343
bayesian_llm_init,narrow,1,20,1808.1945564967286,1.0,0.0071537993200748535,1.2689538268559322,0.060301745335026385,1.637148612006333,0.0804995153036551,0.9086577968601268,0.015384269143174159
bayesian_llm_init,narrow,1,21,17128.41895950734,0.0,8.378985172326834e-05,1.1443462899633645,0.12259821038792891,1.6046678434861696,0.2918265802295242,0.9077481049062932,0.047218853981329044
bayesian_llm_init,narrow,1,22,50000.0,0.0,4.489124340367376e-05,1.1460566366901648,0.11967424497410376,1.6127018091478607,0.30193070016084184,0.906532474386408,0.04923567740499159
bayesian_llm_init,narrow,1,23,383.6168168793748,0.0,0.0006085371285508474,1.1292396051420666,0.10951754627038282,1.5253546756566607,0.14860473147400782,0.9203050002008266,0.01857630132780031
bayesian_llm_init,narrow,1,24,1393.4808220435484,0.0,0.00027679370954393674,1.1374294456757783,0.11869067589632853,1.5527208217137034,0.1802157083897532,0.9164380827740206,0.026262909972066394
bayesian_llm_init,narrow,1,25,148.08016072540158,0.0,0.001898715293705034,1.1307999601991527,0.10198280645265163,1.502740414275195,0.11929846201447936,0.9230154653991459,0.014781495316349019
bayesian_llm_init,narrow,1,26,1843.7208660117722,0.0,0.0060208654967442475,1.2839574765434878,0.07909181023202222,1.6581617591293696,0.07358138913848254,0.9068080967311596,0.00966156435493969
bayesian,narrow,2,0,111.87343350529036,0.5496624778787091,1.247097342755767e-05,1.8946123577303688,0.17779098733218118,2.461010872171129,0.2910641929561699,0.7966900553049205,0.021049191343450725
bayesian,narrow,2,1,111.06235167100911,0.3303348210038741,0.0003588623449925769,1.2528535948847084,0.11361970340611767,1.671791680917305,0.1563572690732909,0.905365563715389,0.014002827026290708
bayesian,narrow,2,2,9.154566689185758,0.29965467367452314,0.0019528313078509085,1.290507348265041,0.124026931823666,1.7209755163640974,0.18044383763826843,0.8999505123736837,0.014103937831529174
bayesian,narrow,2,3,17.939625061788004,0.5291420942770391,0.0019840628076292855,1.2189532294134626,0.11668757272754797,1.6390621250673483,0.1675611514847976,0.9091359112080977,0.013548156602848218
bayesian,narrow,2,4,4.289306951662042,0.18443986564691528,0.00079379811897409,1.6078605741931873,0.1400543543634012,2.0912377895976166,0.21947291799851737,0.852949183215663,0.01378793255443383
bayesian,narrow,2,5,4900.792365796865,0.4942368373819278,0.014415476150136577,1.3549915346028034,0.07064093842532342,1.7792747924225267,0.12873892200821072,0.8931948242643145,0.007947681606543675
bayesian,narrow,2,6,9505.326224481954,0.505246090121704,1.9706351747404865e-05,1.262214266295431,0.11031498415024321,1.683480218674934,0.1437092583024958,0.9036508484499601,0.016644170015701523
bayesian,narrow,2,7,2.0266526728253216,0.09653091566061256,0.0003833642826200497,2.0769076658466563,0.19967458558779644,2.715642604746612,0.33917101129469374,0.7525448507463035,0.027798650064630556
bayesian,narrow,2,8,3.958411072624855,0.22601200060423587,0.001611918197217769,1.4744888899000406,0.13772553465518123,1.9363812694642675,0.21166913157583422,0.8738732592691303,0.01314626813757382
bayesian,narrow,2,9,3.180786816337923,0.34982628500329926,6.529892801786387e-05,2.7445587106846543,0.2590136308316065,3.5668576119680226,0.4269129012422028,0.5733829001939943,0.037967503612181354
bayesian,narrow,2,10,350.2127428950717,0.0,0.0015391877488228484,1.1312753905244792,0.09175146960659862,1.4882135840458655,0.10070342631214779,0.9245173418453977,0.013515993751316789
bayesian,narrow,2,11,10067.408938814668,1.0,0.00037674577695915104,1.2340655760396966,0.0767503750897206,1.542742960464001,0.11965666314132195,0.9179795316949326,0.020658813739345167
bayesian,narrow,2,12,41.90445562652242,0.0,0.05,2.10753629849214,0.24061894667613506,2.8488587035972786,0.37980720337840473,0.7277132993686992,0.03364867918571513
bayesian,narrow,2,13,50000.0,0.0,0.001205739106362758,1.4412565194301599,0.04353222801279293,1.8363247986879951,0.051907498367933534,0.8841874301419752,0.022942274161006897
bayesian,narrow,2,14,487.4689379808991,1.0,0.001168265893675825,1.1876645183390084,0.08010181527535995,1.5157445938415823,0.09521141184920141,0.9212896176489483,0.016925971549347444
bayesian,narrow,2,15,91.71319268033756,0.0,0.0012679110084097627,1.1387929462647362,0.10015013207860671,1.536715148800185,0.1437962257602869,0.9195975825439108,0.015387826781958434
bayesian,narrow,2,16,1949.9725256372105,0.0,0.00024499106862515716,1.1387927684653985,0.12025870871978919,1.5583801871212266,0.19675509761142568,0.9153941899323643,0.02948040304605915
bayesian,narrow,2,17,611.8176394072319,0.0,0.0006245104380882412,1.1241574569438912,0.11026378336316899,1.5066454421416915,0.1453798665644751,0.9221720893927717,0.018651540244749507
bayesian,narrow,2,18,49999.99999999992,1.0,0.05,2.3267296984265107,0.2590428593860305,3.060091049545958,0.3926017886388393,0.6856606777501918,0.037263127211429506
bayesian,narrow,2,19,2448.598718518754,0.0,0.00332522157801107,1.3288975606132523,0.05767639417079751,1.712239750273169,0.04893758867975842,0.9002403195683293,0.01331689452771711
bayesian,narrow,2,20,496.3077252970154,0.469343681620642,0.0016474553936761786,1.1878278990477555,0.07051910563073005,1.5146205330876648,0.10257556757650926,0.9213186824021186,0.017772665087055294
bayesian,narrow,2,21,49999.99999999992,0.0,7.718582663031959e-05,1.1543402659576256,0.14949573349279377,1.6611561860418917,0.45599804165434804,0.8958570536214735,0.07838075236751108
bayesian,narrow,2,22,50000.0,0.0,1e-05,1.2304852507651112,0.08641721063118818,1.6620414240349848,0.1220209813386621,0.9058014705291674,0.01725681026358114
bayesian,narrow,2,23,50000.0,1.0,4.7081080110668525e-05,1.1807625298523758,0.1089217826168685,1.5237001188834003,0.12730670668312669,0.920446523383549,0.01823460967224734
bayesian,narrow,2,24,177.16831568757706,1.0,0.005629405451653796,1.2411062364731684,0.06289750829359246,1.6060638534952343,0.08109761430523564,0.9118845344983842,0.01663100355611039
bayesian,narrow,2,25,4788.653342652632,1.0,0.00011611367632364397,1.1867853790820693,0.10118911482882231,1.5476497254783637,0.11742173803616493,0.9184446900595974,0.014524903927250843
bayesian,narrow,2,26,265.77339095043027,0.0,0.000839129373966282,1.1234464237047084,0.10696804780672271,1.5116063132541255,0.1410453607154523,0.9220031091706199,0.016214418504853976
bayesian_llm_init,narrow,2,0,1.0,0.667,0.000171,2.8832690359659896,0.2600453974761921,3.738268897117417,0.42951015563355593,0.5313303617121997,0.0365237438871965
bayesian_llm_init,narrow,2,1,3.33,0.778,0.000441,1.8786264075848778,0.16255509023297296,2.4293825785982217,0.2800722823277278,0.8018322704390922,0.0196803833421147
bayesian_llm_init,narrow,2,2,11.07,0.889,0.001135,1.3755431125897197,0.12288293676873895,1.8081297352342607,0.18306768687515967,0.8897218750852298,0.013378665173060519
bayesian_llm_init,narrow,2,3,36.9,1.0,0.002924,1.2064563032674365,0.1055339952927928,1.5714211877726372,0.12414008615972033,0.9158624706232017,0.01626278736603969
bayesian_llm_init,narrow,2,4,122.8,0.0,0.007531,1.2737684452405227,0.07165193419142538,1.655205296379877,0.07367199020133688,0.9071693379429489,0.009341298601181821
bayesian_llm_init,narrow,2,5,408.1,0.111,0.01941,1.4286407646762662,0.10322142176254108,1.8990731244926677,0.18060545882855322,0.8787103447685409,0.008228190081307166
bayesian_llm_init,narrow,2,6,1358.0,0.222,0.05,2.1444401741666965,0.2482024221276846,2.8860707103605523,0.38540366727179826,0.7205190269407713,0.03495697484179061
bayesian_llm_init,narrow,2,7,4529.0,0.333,1e-05,1.3327172281546713,0.12473025276951755,1.76775795921758,0.15731130385253164,0.8941181303905266,0.015731331438106275
bayesian_llm_init,narrow,2,8,15070.0,0.444,2.58e-05,1.208895069009317,0.09851636565130878,1.6212682482332474,0.1363327946474892,0.9105976538146894,0.01559877720621491
bayesian_llm_init,narrow,2,9,50000.0,0.556,6.64e-05,1.1316952614613003,0.12043786661392121,1.5013514447675997,0.16066650688943462,0.9220760458947984,0.023808698619817683
bayesian_llm_init,narrow,2,10,1978.8630992962353,0.9999999999999999,0.0004430180899960281,1.1733374148589586,0.09949408774573294,1.499443572434867,0.10796332503570594,0.9229935605943812,0.016901262912773357
bayesian_llm_init,narrow,2,11,31342.44924569205,0.0,0.0005519105220350468,1.4005959672827726,0.04971038389397751,1.7882796801610865,0.08517299291948245,0.8895911674563977,0.025926128311517353
bayesian_llm_init,narrow,2,12,204.8396568012722,1.0,0.00025231595664632804,1.278908339049522,0.09928825667432548,1.688888902313383,0.1354790171688703,0.9033481130910557,0.013482201015601198
bayesian_llm_init,narrow,2,13,1.0,1.0,0.029541937493455045,2.537617343227933,0.29312846343332816,3.3784196015398402,0.4681658642135069,0.6173675242542537,0.04933003233976807
bayesian_llm_init,narrow,2,14,434.43808798719846,1.0,0.002146469531581508,1.2118244640265914,0.0613186697826744,1.5460007518488523,0.0973348149306012,0.9178372513408831,0.01968823111853757
bayesian_llm_init,narrow,2,15,18807.419467057345,1.0,1e-05,1.3042367873816665,0.09906231074758648,1.7191271695939137,0.1338361822383111,0.8997357915240846,0.014793052632241208
bayesian_llm_init,narrow,2,16,50000.0,0.0,1e-05,1.2304852507651112,0.08641721063118818,1.6620414240349848,0.1220209813386621,0.9058014705291674,0.01725681026358114
bayesian_llm_init,narrow,2,17,71.95416056385056,1.0,0.05,2.3267296984265107,0.2590428593860305,3.060091049545958,0.3926017886388393,0.6856606777501918,0.037263127211429506
bayesian_llm_init,narrow,2,18,8752.450369515389,1.0,0.00012548389405683054,1.1720136574101385,0.10701396823790417,1.5147387479705947,0.11880461450794083,0.9215951261832144,0.01632565575131321
bayesian_llm_init,narrow,2,19,19375.21550571531,0.0,0.0065117661551882455,1.2792377930291743,0.08141903258992703,1.6551045827930593,0.07607890859117843,0.907185593749596,0.009360803607176518
bayesian_llm_init,narrow,2,20,1240.424832868787,1.0,0.007070717742229161,1.2672562246532053,0.06040976595207921,1.6350175908735047,0.08045097912568143,0.9088854302649171,0.015434974184252964
bayesian_llm_init,narrow,2,21,15821.443273676801,0.0,8.592260452284629e-05,1.144497558628783,0.12261743154638391,1.60179886108688,0.2844217598252944,0.9082799139265424,0.045861398962723975
bayesian_llm_init,narrow,2,22,50000.0,0.0,4.601488214339505e-05,1.1471947156844569,0.12286443806333372,1.6211763786720776,0.32116068175447027,0.9050223643781736,0.052748943032550934
bayesian_llm_init,narrow,2,23,390.5425344359626,0.0,0.0006039251321159586,1.1292432004161537,0.10961510282286953,1.5253920453491498,0.14884244122504878,0.9202896521077049,0.01866130957307197
bayesian_llm_init,narrow,2,24,1419.7336494886538,0.0,0.0002757691837492838,1.1375285042900407,0.11895897022588289,1.5528874022908457,0.18117945671686672,0.9163946630157959,0.02645023361314574
bayesian_llm_init,narrow,2,25,147.472614945254,0.0,0.0018623989785018552,1.130520480635465,0.10234564559747844,1.5023637969599852,0.11987054346553477,0.9230507209502768,0.014809044747327745
bayesian_llm_init,narrow,2,26,1080.1892243477478,0.0,0.004859707378842325,1.2992500442200328,0.07212456534782132,1.6727094612864324,0.06569517764652294,0.9050583612568882,0.010642043669415586
bayesian,narrow,3,0,387.42070104049196,0.2909047389129443,0.004163106820279628,1.243629296503407,0.04692625662517401,1.6078523425128755,0.05536517626130009,0.9117936632955528,0.014385443692789204
bayesian,narrow,3,1,251.3990279986827,0.8962930889334381,0.020090187943849203,1.5439463702926448,0.12049852851306966,2.0411950908368515,0.21626971328486477,0.8598324007614219,0.0136160669930759
bayesian,narrow,3,2,3.8915409682941253,0.05146720330082988,5.8423179693322064e-05,2.6857841503333306,0.2506041767493192,3.4955192474344345,0.4206454612245596,0.5902354265075738,0.03769089375099393
bayesian,narrow,3,3,117.85614538993764,0.4568332243947111,1.2897668426168225e-05,1.8674448820982217,0.1764144138666157,2.424807848931759,0.2878645686588954,0.8025975859701162,0.02110786063344257
bayesian,narrow,3,4,1122.815523208777,0.6762549019801313,0.0001071805805519764,1.2412324786761892,0.10740752099340006,1.6507113590753584,0.14158703147575968,0.907576679923326,0.014266142410009862
bayesian,narrow,3,5,597.6496310247026,0.558854087990882,1.2266149782149244e-05,1.5227812327727752,0.13259994980880885,1.977564774384178,0.188204252922327,0.8683199604597487,0.012014018911147142
bayesian,narrow,3,6,16.527968313413872,0.28352508177131874,0.0003431206662396041,1.5013337835459688,0.13195184063477142,1.9619978407115632,0.19276968143743056,0.8704116434337701,0.01231646522972036
bayesian,narrow,3,7,1807.3168058404267,0.15686773847496327,0.0004258190531938132,1.119141078229968,0.11684259939970813,1.5051046703578368,0.15096017532163206,0.921978702746604,0.021587992607969037
bayesian,narrow,3,8,362.4844648993496,0.30636353237617975,0.007697698695462198,1.2373019379172008,0.06430963658555328,1.6152139900737683,0.0673491585090311,0.911466289020918,0.010523260809390879
bayesian,narrow,3,9,11.040110972144076,0.9363836498604304,0.0002723290958924006,1.685231631881529,0.14134604318763483,2.1796529489305234,0.236663849356885,0.8404237981842801,0.013990723961208974
bayesian,narrow,3,10,50000.0,0.0,0.00011111952205922281,1.1646962202356534,0.13854986107287873,1.6424374128448807,0.3785556073022994,0.9007820001330991,0.06422706636799816
bayesian,narrow,3,11,50000.0,1.0,0.0003283792274991656,1.2929464771998163,0.06748965144372752,1.6337435696136542,0.14113588916971165,0.907503075339989,0.027605430359611504
bayesian,narrow,3,12,4.680372225504276,0.0,0.0059096555434592244,1.3257358478200518,0.13369922641139723,1.7767918586323943,0.2341599545745444,0.8936588081222447,0.016404227575818348
bayesian,narrow,3,13,50000.0,1.0,1e-05,1.2702525670738343,0.0944342205609131,1.673615607984388,0.130982388423209,0.9048897181489146,0.014831566571268542
bayesian,narrow,3,14,50000.0,0.0,0.011426454290923078,1.3013292078955847,0.07867053643645591,1.6953038492979295,0.10129707750064566,0.9029404107170185,0.0068209960460045415
bayesian,narrow,3,15,50000.0,0.0,1.9901646005894972e-05,1.1882014065802422,0.09239891832603857,1.614306734927231,0.1372102685949894,0.9107945786741617,0.019584697278418224
bayesian,narrow,3,16,244.52629705559542,0.0,0.0008404660689292276,1.1243032743625763,0.10652631286301957,1.5147334410579625,0.14176921792694314,0.9216878317165893,0.016247525456702813
bayesian,narrow,3,17,5244.212120321845,0.0,0.0001794591483536802,1.139462814685571,0.12312606049078897,1.5830478127271623,0.26599267163253526,0.9108855662847206,0.04218947841193292
bayesian,narrow,3,18,22491.075825597676,0.9999999999999999,5.287437194944675e-05,1.1920246896416997,0.11615873364241178,1.5494049853444845,0.13015484526326637,0.9179893047879683,0.017293531115196204
bayesian,narrow,3,19,9370.738575348409,0.0,0.0011150974088312267,1.4066529917151052,0.04877381514666809,1.7784975719790403,0.05161839004414458,0.8915109460449594,0.02025685381475661
bayesian,narrow,3,20,658.2108115090246,1.0,0.0004546568949891656,1.1734700437983594,0.10536531726797438,1.5243559113457255,0.11601614931420723,0.9208237065799144,0.014787662200173076
bayesian,narrow,3,21,634.8257488856364,0.0,0.00039680825574493983,1.1357400580312649,0.11546770455793336,1.5441646848545119,0.16028633395696454,0.9179752955637348,0.02164727058363151
bayesian,narrow,3,22,50000.0,0.0,0.04999999999999994,2.107536298492137,0.24061894667613512,2.848858703597274,0.37980720337840407,0.7277132993687,0.03364867918571502
bayesian,narrow,3,23,5466.718162426216,1.0,0.00017214058664008662,1.165911434169053,0.10381678890309975,1.508044575213384,0.11328088884651337,0.9223032855228958,0.015890600415379142
bayesian,narrow,3,24,24.75909224801633,0.0,0.0014339105344896167,1.210205573991448,0.10858114173939203,1.6217651885346402,0.16226916061009497,0.910862798091512,0.014593991275069397
bayesian,narrow,3,25,50000.0,1.0,0.006102737243397553,1.248065126959264,0.06235405730303301,1.6127402084725766,0.08140675766818975,0.9112186296897903,0.016227341538219673
bayesian,narrow,3,26,12034.875881303422,0.0,6.331086238489929e-05,1.1497211628749313,0.10771590641866428,1.5869131057159207,0.18684838496820944,0.9124691840410376,0.028979224095595175
bayesian_llm_init,narrow,3,0,1.0,0.667,0.000171,2.8832690359659896,0.2600453974761921,3.738268897117417,0.42951015563355593,0.5313303617121997,0.0365237438871965
bayesian_llm_init,narrow,3,1,3.33,0.778,0.000441,1.8786264075848778,0.16255509023297296,2.4293825785982217,0.2800722823277278,0.8018322704390922,0.0196803833421147
bayesian_llm_init,narrow,3,2,11.07,0.889,0.001135,1.3755431125897197,0.12288293676873895,1.8081297352342607,0.18306768687515967,0.8897218750852298,0.013378665173060519
bayesian_llm_init,narrow,3,3,36.9,1.0,0.002924,1.2064563032674365,0.1055339952927928,1.5714211877726372,0.12414008615972033,0.9158624706232017,0.01626278736603969
bayesian_llm_init,narrow,3,4,122.8,0.0,0.007531,1.2737684452405227,0.07165193419142538,1.655205296379877,0.07367199020133688,0.9071693379429489,0.009341298601181821
bayesian_llm_init,narrow,3,5,408.1,0.111,0.01941,1.4286407646762662,0.10322142176254108,1.8990731244926677,0.18060545882855322,0.8787103447685409,0.008228190081307166
bayesian_llm_init,narrow,3,6,1358.0,0.222,0.05,2.1444401741666965,0.2482024221276846,2.8860707103605523,0.38540366727179826,0.7205190269407713,0.03495697484179061
bayesian_llm_init,narrow,3,7,4529.0,0.333,1e-05,1.3327172281546713,0.12473025276951755,1.76775795921758,0.15731130385253164,0.8941181303905266,0.015731331438106275
bayesian_llm_init,narrow,3,8,15070.0,0.444,2.58e-05,1.208895069009317,0.09851636565130878,1.6212682482332474,0.1363327946474892,0.9105976538146894,0.01559877720621491
bayesian_llm_init,narrow,3,9,50000.0,0.556,6.64e-05,1.1316952614613003,0.12043786661392121,1.5013514447675997,0.16066650688943462,0.9220760458947984,0.023808698619817683
bayesian_llm_init,narrow,3,10,1968.5567541058322,0.9999999999999999,0.00044113525634454037,1.1730057015729447,0.09994157503229512,1.4995139188208513,0.10827886895562817,0.9229910859051265,0.016887202129965355
bayesian_llm_init,narrow,3,11,31177.41336080562,0.0,0.0005477677504087058,1.3957630581489213,0.048976744310702244,1.7830594559816828,0.0850379181294745,0.8902279928206303,0.025830666023693435
bayesian_llm_init,narrow,3,12,203.1440042969794,1.0,0.0002564018978540581,1.2784843673272805,0.09899388763695677,1.6882968729032144,0.13526791563004054,0.9034099182274821,0.013520744820522464
bayesian_llm_init,narrow,3,13,1.0,1.0,0.029028423218489103,2.518274257526303,0.29221193164772513,3.3526580520776923,0.4677123908281072,0.6231870560154567,0.04920893123405585
bayesian_llm_init,narrow,3,14,453.9982318675951,1.0,0.002177713013762548,1.2130742447842726,0.0592521259584896,1.5480488984786152,0.09619021153298923,0.9176293759934013,0.019632163964451894
bayesian_llm_init,narrow,3,15,50000.0,1.0,1e-05,1.2702525670738343,0.0944342205609131,1.673615607984388,0.130982388423209,0.9048897181489146,0.014831566571268542
bayesian_llm_init,narrow,3,16,23863.573222331503,1.0,0.00016953994600464592,1.2067924974903501,0.09743411803800121,1.5222705061865045,0.1426381331518509,0.9198294181436788,0.022952588354485808
bayesian_llm_init,narrow,3,17,73.27703463537428,1.0,0.05,2.3267296984265107,0.2590428593860305,3.060091049545958,0.3926017886388393,0.6856606777501918,0.037263127211429506
bayesian_llm_init,narrow,3,18,50000.0,0.0,1e-05,1.2304852507651112,0.08641721063118818,1.6620414240349848,0.1220209813386621,0.9058014705291674,0.01725681026358114
bayesian_llm_init,narrow,3,19,7458.535464962162,0.0,0.00011021560453315707,1.1433436086463267,0.11519503426386055,1.5819595117685346,0.22883404149714873,0.9119545203554322,0.035957393854623806
bayesian_llm_init,narrow,3,20,7307.863580445427,0.0,0.00675054772736243,1.2774130049790535,0.08251417457045974,1.6542150829476476,0.07720328828852707,0.9073010165535577,0.00922524336402178
bayesian_llm_init,narrow,3,21,50000.0,0.0,5.627464553414005e-05,1.1501373833721051,0.1296183190827509,1.6453045482049027,0.3812655425742578,0.9003906708502172,0.06400999459980922
bayesian_llm_init,narrow,3,22,417.1810773117657,0.0,0.0005724663951049145,1.129724160213538,0.11064018357765201,1.527709341848044,0.15054745250220652,0.9199980775140697,0.019087161619898603
bayesian_llm_init,narrow,3,23,1425.4329318136274,0.0,0.0002848365987908049,1.137263119922955,0.11901734496019738,1.5519049110607044,0.18355063689047965,0.9164365127434289,0.026882957107012377
bayesian_llm_init,narrow,3,24,771.5508143159987,1.0,0.007551492274559439,1.2773970187757384,0.05947986014346869,1.6481476073463657,0.08074954145646208,0.9074656760345805,0.015225799941100132
bayesian_llm_init,narrow,3,25,10410.8920723314,1.0,7.647078127382658e-05,1.1925345997579182,0.10937871111440553,1.5517750929857939,0.12346958040624395,0.9178659943255054,0.016046310126449068
bayesian_llm_init,narrow,3,26,261.28941379800597,1.0,0.0006920432908141635,1.1847624470061924,0.10946032168539782,1.5453366119650875,0.12113139365513292,0.9186054836607174,0.01564676087247184
bayesian,narrow,4,0,34998.07897501003,0.9726843599648843,0.001057293774697696,1.2510032333006653,0.04538413801452472,1.5749081216956935,0.06730467012820975,0.9152170206856521,0.015673279248519606
bayesian,narrow,4,1,2285.0668655137465,0.21608949558037638,0.003809587853399967,1.2559468778198746,0.05420735590473872,1.6249072832963016,0.0565803240086121,0.910062695757399,0.013371703444177383
bayesian,narrow,4,2,38679.81417574018,0.25298236238344396,1.0544974336376072e-05,1.2305445519261433,0.0947896619049173,1.659684886209935,0.1306943254024048,0.9062478678761969,0.016271641065703186
bayesian,narrow,4,3,110.42626139998559,0.19768507460025309,0.0076368462925146645,1.2482030510752569,0.059473021770607926,1.6302123184972674,0.06588479079356734,0.9098283110763656,0.010414057234360436
bayesian,narrow,4,4,11354.7957888582,0.16384224140469872,0.04340798307813351,1.9788560720633839,0.22655981033477823,2.670840699433512,0.36058318187345934,0.7606435992102456,0.03073985422427698
bayesian,narrow,4,5,640.994473440557,0.3865712826436294,1.0795414092254283e-05,1.5254888567610851,0.1313171429462501,1.9817241731252349,0.19104211115449174,0.8677811196315235,0.012329419723248181
bayesian,narrow,4,6,1.612526229392695,0.43614664687979765,0.034564528114185304,2.353296557349055,0.2731195013753723,3.1907004691964596,0.45937288777364893,0.6587036988242925,0.04754357578068676
bayesian,narrow,4,7,28788.292017902524,0.8662892985816985,0.008100694540861812,1.2720298471525084,0.0584190268439468,1.6476296190913928,0.07911623993987885,0.9075939973142896,0.014501875798939698
bayesian,narrow,4,8,6.511771031766849,0.6007427213777693,1.8933572859489517e-05,3.073529013130664,0.273306805966401,3.9717929421346176,0.4442890005694229,0.47089616225902864,0.03712632230381191
bayesian,narrow,4,9,6.155966571808664,0.4084438601520147,0.005161206569474148,1.2754311657559596,0.11842470849009805,1.706470514791332,0.20886250412175328,0.9017834672220733,0.014832931896722102
bayesian,narrow,4,10,217.1382798187319,1.0,0.0028097458833204673,1.2120253345677376,0.0698509919189088,1.5543017587382504,0.1031121140422892,0.9169681432866537,0.020119348997678747
bayesian,narrow,4,11,43.558972514349804,0.0,0.002360472501926328,1.1549774612170294,0.09456507537632325,1.549989108715771,0.14078973967637629,0.918344083353005,0.014578139543971705
bayesian,narrow,4,12,50000.0,0.0,0.0001003167202272917,1.1586035152571035,0.1388506757920116,1.6424547141815178,0.3918161552026351,0.9002931266959509,0.06659261112908904
bayesian,narrow,4,13,50000.0,1.0,4.942147656930391e-05,1.1808298838633944,0.10843448218695236,1.5216856257599687,0.1272939636099287,0.9206263600473233,0.01836242859532093
bayesian,narrow,4,14,11242.429242471682,0.0,3.6008854548184864e-05,1.1970693157634744,0.08770147893553176,1.627941007085815,0.1267571084980734,0.9096116053578808,0.017067324967224552
bayesian,narrow,4,15,50000.0,0.0,0.002242935779241737,1.372582094044415,0.04555261343892603,1.7604903852291702,0.03789433643324944,0.894150499186745,0.01704459427448727
bayesian,narrow,4,16,16484.720518914863,0.9999999999999999,0.00017239904324086402,1.1865511436245144,0.10332208636834539,1.5025475114462548,0.13062288648809528,0.9221437095765751,0.02084280646566873
bayesian,narrow,4,17,10807.054176855496,1.0,1e-05,1.3173464308967449,0.10292812749964003,1.7354292915925051,0.13160427738400857,0.8978835698753063,0.014300481219862073
bayesian,narrow,4,18,49999.99999999992,1.0,0.00016263428383949402,1.2466061613507975,0.09541780974992296,1.5881657089650734,0.19584119328319813,0.9115297215181087,0.03346367272862971
bayesian,narrow,4,19,3728.587496695717,0.0,0.00032170329164563706,1.1301040134498894,0.12214694049462524,1.5335333341275839,0.20453153310072036,0.9177166654384894,0.03132919679326573
bayesian,narrow,4,20,2280.4680928063185,1.0,0.0006635710819378342,1.2044698719352975,0.06900594651519017,1.5172161085183018,0.10208893721340144,0.9210153686606362,0.017277146993261622
bayesian,narrow,4,21,7982.86381750706,0.0,0.0001492379933529267,1.1427223050817357,0.12634121775773857,1.5989514606860449,0.29876884544657045,0.9082194187798708,0.04816843866618268
bayesian,narrow,4,22,9565.086734359702,0.0,0.00034804566760788944,1.1700964451574685,0.10669611816518512,1.5743353158118754,0.21759186992694268,0.9128439191831743,0.035782666050889644
bayesian,narrow,4,23,785.543392109826,0.0,0.0009538466022694573,1.1282981613217347,0.09476153644279318,1.4868580016749682,0.10546409028420399,0.9246449563136083,0.013722113673215077
bayesian,narrow,4,24,217.84658195386427,0.0,0.002489470858886498,1.1452308449089115,0.08513420998147488,1.4989997727045783,0.10109888524349502,0.923194541994161,0.01563274574953919
bayesian,narrow,4,25,1593.6067281128458,0.0,0.000551455860543884,1.1250094490301976,0.11114768747235884,1.4959520930395056,0.13839209490914264,0.9231274109890906,0.01945036170884781
bayesian,narrow,4,26,3478.7623810102564,0.46581014276689464,0.00019288963893515269,1.1277197323348354,0.11058116627917068,1.5084108249734647,0.13029200741745464,0.9221034759717431,0.017847707295896364
bayesian_llm_init,narrow,4,0,1.0,0.667,0.000171,2.8832690359659896,0.2600453974761921,3.738268897117417,0.42951015563355593,0.5313303617121997,0.0365237438871965
bayesian_llm_init,narrow,4,1,3.33,0.778,0.000441,1.8786264075848778,0.16255509023297296,2.4293825785982217,0.2800722823277278,0.8018322704390922,0.0196803833421147
bayesian_llm_init,narrow,4,2,11.07,0.889,0.001135,1.3755431125897197,0.12288293676873895,1.8081297352342607,0.18306768687515967,0.8897218750852298,0.013378665173060519
bayesian_llm_init,narrow,4,3,36.9,1.0,0.002924,1.2064563032674365,0.1055339952927928,1.5714211877726372,0.12414008615972033,0.9158624706232017,0.01626278736603969
bayesian_llm_init,narrow,4,4,122.8,0.0,0.007531,1.2737684452405227,0.07165193419142538,1.655205296379877,0.07367199020133688,0.9071693379429489,0.009341298601181821
bayesian_llm_init,narrow,4,5,408.1,0.111,0.01941,1.4286407646762662,0.10322142176254108,1.8990731244926677,0.18060545882855322,0.8787103447685409,0.008228190081307166
bayesian_llm_init,narrow,4,6,1358.0,0.222,0.05,2.1444401741666965,0.2482024221276846,2.8860707103605523,0.38540366727179826,0.7205190269407713,0.03495697484179061
bayesian_llm_init,narrow,4,7,4529.0,0.333,1e-05,1.3327172281546713,0.12473025276951755,1.76775795921758,0.15731130385253164,0.8941181303905266,0.015731331438106275
bayesian_llm_init,narrow,4,8,15070.0,0.444,2.58e-05,1.208895069009317,0.09851636565130878,1.6212682482332474,0.1363327946474892,0.9105976538146894,0.01559877720621491
bayesian_llm_init,narrow,4,9,50000.0,0.556,6.64e-05,1.1316952614613003,0.12043786661392121,1.5013514447675997,0.16066650688943462,0.9220760458947984,0.023808698619817683
bayesian_llm_init,narrow,4,10,1979.6262515422154,0.9999999999999999,0.00044341868074377114,1.1733255019978013,0.09938503521925178,1.499356744970623,0.10788491180458588,0.9230037616775377,0.016887270508057193
bayesian_llm_init,narrow,4,11,31115.2689729218,0.0,0.0005562373544196363,1.4011026722288933,0.05001066950909049,1.788865968983319,0.08492056328007395,0.8895257410091585,0.025857643808762373
bayesian_llm_init,narrow,4,12,204.10564569739395,1.0,0.0002537924199716613,1.2787627980711815,0.09919827409774816,1.68870209861289,0.13542342411616665,0.9033675495000344,0.013495658108188282
bayesian_llm_init,narrow,4,13,1.0,1.0,0.02957013468511604,2.538664734073586,0.29317436595022356,3.3798304091153404,0.46818966671067597,0.6170476912900007,0.04933491808649253
bayesian_llm_init,narrow,4,14,438.9875712455863,1.0,0.002154227814234303,1.212252834573644,0.060913721934163494,1.5466974087813163,0.09710345687693242,0.9177665117061569,0.01967812821248606
bayesian_llm_init,narrow,4,15,18259.367364420923,1.0,1e-05,1.3051939812015618,0.09948178858362229,1.720128507910615,0.1340464708975959,0.8996167884159831,0.014838932017926144
bayesian_llm_init,narrow,4,16,50000.0,0.0,1e-05,1.2304852507651112,0.08641721063118818,1.6620414240349848,0.1220209813386621,0.9058014705291674,0.01725681026358114
bayesian_llm_init,narrow,4,17,71.89340568055391,1.0,0.05,2.3267296984265107,0.2590428593860305,3.060091049545958,0.3926017886388393,0.6856606777501918,0.037263127211429506
bayesian_llm_init,narrow,4,18,8780.26397589316,0.9999999999999999,0.0001257875482741341,1.1718397282388446,0.10668958550922358,1.5143271768658073,0.11855524351459255,0.9216344955940091,0.016329655568291544
bayesian_llm_init,narrow,4,19,12445.41097303825,0.0,0.006563015806803442,1.278838778456493,0.08166026549434019,1.654879583797428,0.07634046502531326,0.9072143524374189,0.009330689196307853
bayesian_llm_init,narrow,4,20,15007.21294135403,0.0,8.997861464624942e-05,1.1443019341724108,0.12291729702940482,1.601580336437026,0.28596509064266434,0.9082580770477999,0.046143001161728384
bayesian_llm_init,narrow,4,21,1004.1585737925822,1.0,0.007175069056142806,1.2693896345938067,0.06027785543592416,1.6376946468443723,0.08051549913577188,0.9085990763689142,0.015374387073395621
bayesian_llm_init,narrow,4,22,50000.0,0.0,4.7171105272997364e-05,1.1451170830817372,0.12279098401764263,1.6259542028559566,0.33638231871271745,0.9040091426930008,0.05556241565469291
bayesian_llm_init,narrow,4,23,388.90843540299073,0.0,0.0006077108124618335,1.1291509987519417,0.10952391952587176,1.5249762540114489,0.14865459074327075,0.9203375926100916,0.018617314850663483
bayesian_llm_init,narrow,4,24,1411.6681242963168,0.0,0.00027842825113395223,1.1375099718554775,0.11904769374800207,1.5526646562487254,0.18158080835447588,0.9164086467199837,0.026515128916545255
bayesian_llm_init,narrow,4,25,144.8603095255567,0.0,0.0018358094294368453,1.1306742949082011,0.10300862871098472,1.5026262899280618,0.12095323315363697,0.9230171809881205,0.014897886486461672
bayesian_llm_init,narrow,4,26,239.80863174487345,0.8023173873876593,0.0007518321091150886,1.159868604037274,0.11273559905016209,1.5260839346623545,0.12504284295456788,0.9208087993613763,0.013910442935585745
bayesian,narrow,5,0,11.044326882678181,0.20671915533942642,0.016626953505548873,1.3976723430843772,0.12363813018435475,1.8679253103491689,0.22883317336384532,0.8828539459482299,0.012652592552300019
bayesian,narrow,5,1,20726.458542639703,0.6117438629026457,0.0006406463219449181,1.2951014087867319,0.033889316149876815,1.6254843808789736,0.06801992568066148,0.9093002911336935,0.019076469930244883
bayesian,narrow,5,2,3971.714694495935,0.29680050157622195,0.0008272039257838964,1.2291207454636885,0.042414422132821865,1.5476897484926548,0.07660271559255928,0.9180246068348206,0.015736529962994936
bayesian,narrow,5,3,7.622482266362454,0.73844029619897,1.989113345834886e-05,2.9434747609374132,0.26574304037297186,3.8130361138508624,0.43483615605632975,0.5123789875078884,0.03701271734291451
bayesian,narrow,5,4,118.49466596394832,0.8799370312012789,3.851088083326117e-05,1.6164554961252435,0.13800995513326403,2.0955521154312993,0.22089225892149877,0.8524224834663489,0.012962389287756334
bayesian,narrow,5,5,19.405465428557893,0.29607993273364797,0.00034059864064384945,1.4725923399856056,0.13210213584220284,1.9273287108281127,0.1888844180532717,0.8749181050337306,0.012180808502428241
bayesian,narrow,5,6,900.8563059110616,0.5999291966249876,0.0013957340297463335,1.206053255677416,0.04868858580068652,1.5244309022606057,0.0806931345205164,0.9204608754992888,0.015581863810809081
bayesian,narrow,5,7,17.74500229608472,0.2535882057737875,0.0001129911771431662,1.7744780765113624,0.1662594673873999,2.3044596337016494,0.2716955587118645,0.8216443123924151,0.019735893426955538
bayesian,narrow,5,8,34.6109216873367,0.1656128612012676,3.41396782524437e-05,1.9334227058024633,0.19312888967551212,2.5217683471619052,0.31533745565803817,0.7865589113646596,0.02502490940147838
bayesian,narrow,5,9,33843.918640646145,0.18841465559593518,0.03563278908451485,1.7939884415608833,0.19776619379489055,2.42784799047747,0.32443149132722365,0.8021818408316668,0.025211686510801034
bayesian,narrow,5,10,2052.458583560523,0.5122977594289091,8.294157373985485e-05,1.2205043528240591,0.09617594520589927,1.625367208349347,0.13979283535825854,0.9103291647066587,0.014368109991614225
bayesian,narrow,5,11,214.03324399157705,0.0,0.0006127088961050004,1.1426122995169625,0.10523329224092921,1.5468387559309336,0.1442279527835971,0.9183934938275933,0.0165463747462632
bayesian,narrow,5,12,50000.0,1.0,1e-05,1.2702525670738343,0.0944342205609131,1.673615607984388,0.130982388423209,0.9048897181489146,0.014831566571268542
bayesian,narrow,5,13,50000.0,0.0,2.6632749677048767e-05,1.1671684752186218,0.10616704723876888,1.6020749577503408,0.178277563899475,0.9110828648103577,0.027501266562237534
bayesian,narrow,5,14,8506.103934535728,0.0,1e-05,1.3011310761932342,0.11356118840038103,1.735232091159664,0.1438416619097335,0.8979327599651249,0.014875396399591718
bayesian,narrow,5,15,353.63292419865746,1.0,0.0004498013831967632,1.201809033193802,0.10352426643730066,1.5754950899942,0.12139979452061671,0.9155154020582952,0.01495928181393396
bayesian,narrow,5,16,163.96493627697245,1.0,0.05,2.3267296984265107,0.2590428593860305,3.060091049545958,0.3926017886388393,0.6856606777501918,0.037263127211429506
bayesian,narrow,5,17,1.0,0.0,0.02978227854649812,2.5083420338251807,0.29411283966971413,3.3694616258360326,0.47092319454573944,0.6194488623270009,0.04962784254546822
bayesian,narrow,5,18,43.40793556992195,0.0,0.00272985607973155,1.1571954693744768,0.09960877328613195,1.5441221823390545,0.1384049515769359,0.9189658560473475,0.01441945168184744
bayesian,narrow,5,19,689.7842446581495,0.3305615217039118,0.00036179784602309036,1.1330912117602936,0.0967584041445007,1.5226777046700228,0.1218626098537729,0.9210268479439085,0.01455575887906765
bayesian,narrow,5,20,1929.2847146789925,1.0,0.00033313165118132573,1.1641644853312392,0.10702378638482016,1.50467596910874,0.11519878440086934,0.9225773650075186,0.01656730672770299
bayesian,narrow,5,21,50000.0,0.0,0.00018352504687458036,1.2103679222311174,0.1190018928266491,1.6853277561245341,0.38961424672472833,0.895218721991456,0.06882569523739523
bayesian,narrow,5,22,13820.92884210287,1.0,6.445764662901183e-05,1.1948852257110514,0.11009864494072454,1.5552034286504308,0.12460032192551801,0.9174757010552312,0.016360982181292047
bayesian,narrow,5,23,807.2006272649623,0.0,0.0006269687082948185,1.120935506035716,0.11036529882518678,1.49651115499152,0.13891029881618416,0.9232073943369391,0.018296440447715216
bayesian,narrow,5,24,14024.291647197802,0.0,9.107485760217847e-05,1.1441438606595216,0.12138949378843812,1.599434414319674,0.27808717979412195,0.9087145388989326,0.044758127639763126
bayesian,narrow,5,25,68.07236028130094,0.0,0.0008108621386015136,1.184163713433669,0.09757718028910357,1.5939599779503335,0.1483518048520361,0.9138116588015232,0.01411160932308146
bayesian,narrow,5,26,496.6342618201236,0.0,0.0006102931300972509,1.1260959073750678,0.11068083394265829,1.5155179666499503,0.14788516517038436,0.9212703208283217,0.018776263460042027
bayesian_llm_init,narrow,5,0,1.0,0.667,0.000171,2.8832690359659896,0.2600453974761921,3.738268897117417,0.42951015563355593,0.5313303617121997,0.0365237438871965
bayesian_llm_init,narrow,5,1,3.33,0.778,0.000441,1.8786264075848778,0.16255509023297296,2.4293825785982217,0.2800722823277278,0.8018322704390922,0.0196803833421147
bayesian_llm_init,narrow,5,2,11.07,0.889,0.001135,1.3755431125897197,0.12288293676873895,1.8081297352342607,0.18306768687515967,0.8897218750852298,0.013378665173060519
bayesian_llm_init,narrow,5,3,36.9,1.0,0.002924,1.2064563032674365,0.1055339952927928,1.5714211877726372,0.12414008615972033,0.9158624706232017,0.01626278736603969
bayesian_llm_init,narrow,5,4,122.8,0.0,0.007531,1.2737684452405227,0.07165193419142538,1.655205296379877,0.07367199020133688,0.9071693379429489,0.009341298601181821
bayesian_llm_init,narrow,5,5,408.1,0.111,0.01941,1.4286407646762662,0.10322142176254108,1.8990731244926677,0.18060545882855322,0.8787103447685409,0.008228190081307166
bayesian_llm_init,narrow,5,6,1358.0,0.222,0.05,2.1444401741666965,0.2482024221276846,2.8860707103605523,0.38540366727179826,0.7205190269407713,0.03495697484179061
bayesian_llm_init,narrow,5,7,4529.0,0.333,1e-05,1.3327172281546713,0.12473025276951755,1.76775795921758,0.15731130385253164,0.8941181303905266,0.015731331438106275
bayesian_llm_init,narrow,5,8,15070.0,0.444,2.58e-05,1.208895069009317,0.09851636565130878,1.6212682482332474,0.1363327946474892,0.9105976538146894,0.01559877720621491
bayesian_llm_init,narrow,5,9,50000.0,0.556,6.64e-05,1.1316952614613003,0.12043786661392121,1.5013514447675997,0.16066650688943462,0.9220760458947984,0.023808698619817683
bayesian_llm_init,narrow,5,10,1971.5036394601254,0.9999999999999999,0.00044188416515979315,1.1731110363177937,0.09966822111482213,1.4994541261282774,0.10805798514020673,0.9229964435590263,0.016880783184272097
bayesian_llm_init,narrow,5,11,31411.19133219387,0.0,0.00055190257323557,1.4004570131325682,0.04962832927119299,1.7883781470260476,0.08549197490570909,0.8895725195051828,0.025955290129490844
bayesian_llm_init,narrow,5,12,204.1573691482471,1.0,0.00025199073901695603,1.2790053572960425,0.09935486917327974,1.689134362344657,0.1355989290805996,0.9033219653156221,0.013473590645318468
bayesian_llm_init,narrow,5,13,1.0,1.0,0.0294874616810409,2.5355798129651186,0.29302648410728627,3.3756916334841036,0.468108394004769,0.6179859801136891,0.04931477260956287
bayesian_llm_init,narrow,5,14,434.21540176194026,1.0,0.0021436913642447833,1.2117463525330163,0.06136157022567686,1.5458601848133229,0.097352943086919,0.9178516064195978,0.01968812868084592
bayesian_llm_init,narrow,5,15,21219.366815831283,1.0,1e-05,1.3007504318466008,0.10016591765011969,1.7153304519612553,0.1342759991714966,0.9001865152978615,0.014707740061714015
bayesian_llm_init,narrow,5,16,50000.0,0.0,1e-05,1.2304852507651112,0.08641721063118818,1.6620414240349848,0.1220209813386621,0.9058014705291674,0.01725681026358114
bayesian_llm_init,narrow,5,17,72.24224861023566,0.9999999999999999,0.05,2.3267296984265107,0.25904285938603044,3.060091049545958,0.3926017886388392,0.6856606777501918,0.037263127211429506
bayesian_llm_init,narrow,5,18,8723.246415069103,1.0,0.00012520153452052352,1.1721770609791142,0.10747845341985117,1.5149991530289193,0.11913587827070725,0.921566287280509,0.01635894507955982
bayesian_llm_init,narrow,5,19,50000.0,0.0,0.006425486373273623,1.2799781034573894,0.08105631070366673,1.6555234431540637,0.07568008743046065,0.9071329817419282,0.009410286372111047
bayesian_llm_init,narrow,5,20,1802.6982937287744,1.0,0.007130742588773484,1.2684867247385756,0.060318351375460176,1.6365539632920996,0.0804748738557694,0.9087213864054942,0.015397620642471492
bayesian_llm_init,narrow,5,21,49999.99999999992,1.0,4.850058741674909e-05,1.1804143492789627,0.10876110495749405,1.5220033453599608,0.12770974235245103,0.9206194571156425,0.018255598900388414
bayesian_llm_init,narrow,5,22,50000.0,0.0,5.364732508146443e-05,1.1471634564439481,0.12848894182509338,1.6360650692177459,0.36099486444929535,0.9021312277129916,0.06007602089635191
bayesian_llm_init,narrow,5,23,432.6436388682507,0.0,0.0005431701837759369,1.1306863917737138,0.11160300141025253,1.5303801116276752,0.15183920947564092,0.919682601598953,0.019416326120038754
bayesian_llm_init,narrow,5,24,2247.3290540652665,0.0,0.00021244126022805575,1.1398501870827786,0.11805356877720799,1.5619446561274237,0.1940004217693448,0.9150726802518333,0.02911153083526818
bayesian_llm_init,narrow,5,25,12025.010962947343,0.0,8.847153016335157e-05,1.1439530211377824,0.11661528749655263,1.5909786991167614,0.24935057589493254,0.9104246849417624,0.03968753902346003
bayesian_llm_init,narrow,5,26,145.08983028661152,0.0,0.0018223820238238966,1.130756583525037,0.10329515558232308,1.5026621241812381,0.12130765953064014,0.9230110926507461,0.014926103000673692
bayesian,wide,1,0,56.64975583028233,0.00011437481734488664,0.110222803767004,3.2989809491852347,0.2490676890332101,4.302373526717015,0.42418834390935384,0.3783112221098014,0.033247361471793635
bayesian,wide,1,1,5.260089742045375,0.0923385947687978,1.0648568665651108e-05,3.5531830581366917,0.2865636594062013,4.560527288566884,0.4587164525034067,0.30191356717402507,0.03175328127982658
bayesian,wide,1,2,0.4746154837062849,0.39676747423066994,0.00026237659355350326,3.1020100982434102,0.27369945689527236,4.00623861289022,0.44586196126677613,0.4616744040776588,0.03693441022381446
bayesian,wide,1,3,706.8879948063835,0.6852195003967595,0.0008597290483171278,1.15326286709962,0.10271256802339834,1.4894057669048888,0.10157997975324194,0.9241181012344762,0.01599857373965801
bayesian,wide,1,4,0.6919428843480714,0.027387593197926163,1.40223904167359,4.302849377949162,0.3111303152395817,5.491335780819549,0.46990279237828286,-0.013525779733261389,0.013608141878864062
bayesian,wide,1,5,10819.509974097808,0.5586898284457517,0.0008339377173699838,1.2791621028901052,0.019555951849828702,1.605356602872672,0.043693710611418274,0.9118571542446071,0.015343551617567626
bayesian,wide,1,6,0.1834351027655812,0.8007445686755367,2.4361858905195674e-05,4.228270050930935,0.3023862076055966,5.387177040317495,0.45960450625119614,0.024526517143959613,0.013034167969666995
bayesian,wide,1,7,5180291.295699624,0.6923226156693141,0.00015630369583006918,1.376206437619148,0.11866555863849472,1.8256857122167833,0.3892685222660777,0.8776538400427075,0.07610536945378364
bayesian,wide,1,8,771795.7285411935,0.08504421136977791,1.829138725704839,4.328763954673107,0.28989295794536485,5.466692453983707,0.43560567192550204,-0.005173189710002424,0.006717523368252375
bayesian,wide,1,9,0.02246430821470859,0.8781425034294131,1.5445889976016682e-05,4.297944995307843,0.3060833954895623,5.474361700923668,0.4624863800967266,-0.007394206048681506,0.011407638751017258
bayesian,wide,1,10,32517.014430720734,0.9999999999999999,0.0019480408661389653,1.2232503568798265,0.060586870048548104,1.5663887472170313,0.0907173934045632,0.9157919824945082,0.0190192952668463
bayesian,wide,1,11,13592.494241387416,1.0,0.0005180324666443618,1.2689099547864209,0.05244677840217063,1.5787239167491458,0.09568828404204367,0.9143796542075895,0.0194358329921409
bayesian,wide,1,12,862.7915872535967,1.0,0.0022225837464396087,1.2161834148088329,0.06002334598851097,1.5609352444379867,0.094953952314402,0.916315852564991,0.019491860158099065
bayesian,wide,1,13,10000000.0,0.0,1.0000000000000004e-06,2.5964906124507605,0.22443715945916062,3.3673187119367136,0.3366709451002901,0.6112119761171504,0.09326738191490805
bayesian,wide,1,14,9999999.99999997,0.0,0.0006827605449910884,1.4988830198855774,0.051943228334524104,1.917078039944953,0.10293023425194155,0.8727036516119938,0.03230247937611165
bayesian,wide,1,15,10000000.0,1.0,0.0007755525214438928,1.2602319174186931,0.039418451098417136,1.5798400223126083,0.07112117094084737,0.9146740813906078,0.01590048669702393
bayesian,wide,1,16,3896.1098508112045,1.0,0.001293691234249965,1.2396559873581605,0.05276422433132286,1.5677579494129195,0.07478279796144992,0.9159044109881872,0.016508166229733865
bayesian,wide,1,17,1267.4791249809518,0.0,0.0017663791715404208,1.2572256663323942,0.03176922279931098,1.6028592436439895,0.053425497046957995,0.9120568630655865,0.01627717187139805
bayesian,wide,1,18,1041.6786551185687,0.5762999477957687,0.001540289914011953,1.221941365231359,0.03555860638354677,1.5412449108758959,0.07174408355249659,0.9187137712543991,0.015452605513819712
bayesian,wide,1,19,608901.9597673635,1.0,0.0007140458756413837,1.2642668380587987,0.03903189073268293,1.5831224845782192,0.07289522605506966,0.9142869085012805,0.016252482394533765
bayesian,wide,1,20,10000000.0,1.0,0.005525319038489575,1.2391362611509358,0.06415336349991087,1.6022959118201043,0.08364092468772844,0.9122772736622691,0.016829814612014934
bayesian,wide,1,21,1056337.0246844848,1.0,0.0031683706109103317,1.2205936509227324,0.06709256238570137,1.574194446551931,0.09535837016453823,0.914976730130564,0.019266581532591195
bayesian,wide,1,22,1135.6749190689245,0.0,0.0005228516682757566,1.1235153986345132,0.11349405373366356,1.504612245675705,0.15006847315809935,0.9220727531246885,0.02085129055321415
bayesian,wide,1,23,396.6356120513208,0.0,0.000697340150103138,1.124902252382795,0.10907458019176361,1.5116506240408207,0.1437553624614266,0.9218292408877371,0.017483858821496532
bayesian,wide,1,24,28623.57086898611,0.0,8.345920911062713e-05,1.147127650669571,0.1370949735005814,1.6419537843683802,0.3942967189884201,0.9003591047056579,0.06613883122045525
bayesian,wide,1,25,4085.169983234029,0.0,0.00017168638839548553,1.1425539525553452,0.12091030033644452,1.57562394545119,0.23086618848729876,0.9126240245923892,0.03598722754150415
bayesian,wide,1,26,71704.43221468688,1.0,3.8402445792071026e-05,1.1826323957985312,0.10812788455579952,1.5251956095685544,0.12877555867427548,0.9202570224353561,0.018556047491321913
bayesian_llm_init,wide,1,0,1.0,0.1,0.007,1.714356015827887,0.1918330107604041,2.268600373664151,0.3381753388649523,0.8271703097299916,0.027890990001149262
bayesian_llm_init,wide,1,1,10.0,0.05,0.003,1.2419183720847984,0.1155446529298245,1.6666289094611344,0.1879249323028683,0.9060369057833528,0.015345941869319252
bayesian_llm_init,wide,1,2,100.0,0.2,0.01,1.2677358929552363,0.05829778260578471,1.6564633964175872,0.07949495993008801,0.9071189735490087,0.008587790629548907
bayesian_llm_init,wide,1,3,1000.0,0.3,0.001,1.1461383977273865,0.08430245999637616,1.4815789544872975,0.1020188912658425,0.9250550194092847,0.014615698833034752
bayesian_llm_init,wide,1,4,10000.0,0.01,0.03,1.6394482294590957,0.16478906691358655,2.225242871840732,0.2767204171874504,0.8337878627543024,0.0183302445626171
bayesian_llm_init,wide,1,5,100000.0,0.5,0.0005,1.3435263891290736,0.04832146227452479,1.7050923249134968,0.12509509169528793,0.8991092652719148,0.029100314673128725
bayesian_llm_init,wide,1,6,1.0,0.02,0.05,3.1809603644242452,0.29741509103516794,4.262037067007298,0.4689702660220943,0.3906433354349474,0.04236087246330591
bayesian_llm_init,wide,1,7,1000000.0,0.15,0.002,1.320133964522222,0.04588466737443926,1.6916215065118607,0.04868318119379104,0.9022662019476988,0.01588409223340321
bayesian_llm_init,wide,1,8,100.0,0.4,0.0002,1.3338899736832552,0.1233695549889265,1.766154433153747,0.16484798661001296,0.8945941868035646,0.013587857184898045
bayesian_llm_init,wide,1,9,10.0,0.05,0.2,4.037791387284107,0.27329935887306706,5.148925823481553,0.4431861868493136,0.10895492120657883,0.013986323908716335
bayesian_llm_init,wide,1,10,6329.948092314649,1.0,0.004351750968048152,1.2253565041578773,0.06801972164428945,1.5848255414605197,0.08964470091149866,0.9140070832196422,0.01802771821192303
bayesian_llm_init,wide,1,11,10000000.0,1.0,1.0000000000000004e-06,2.241181269144093,0.1652979196516376,2.8912107303891608,0.264083326978412,0.7145092524059421,0.05878910163918364
bayesian_llm_init,wide,1,12,2062.8923711572156,0.16296308717439786,0.004384117910452213,1.2612713530669686,0.061072898798312104,1.6305816200539263,0.05958613503414163,0.9095754194499044,0.012227036048459507
bayesian_llm_init,wide,1,13,0.010000000000000004,1.0,1.0000000000000004e-06,4.303677649702591,0.30565510590311146,5.477780422636257,0.4589392962287341,-0.008732248555915945,0.009870034564315035
bayesian_llm_init,wide,1,14,13.743380440054565,1.0,0.001370326157350875,1.3300538104345665,0.11567817671350912,1.7486141905500276,0.16756044946098456,0.8966513872727984,0.013939065688031703
bayesian_llm_init,wide,1,15,10000000.0,1.0,0.017791328309304022,1.5103753947539833,0.10515358483623083,1.9851318079574642,0.19249497683973393,0.867259946194407,0.01275867446023928
